,cycle_id,sleep_id,cycles_count,disturbance_count,time_lower_bound,time_upper_bound,in_bed_duration,is_nap,latency_duration,light_sleep_duration,no_data_duration,quality_duration,rem_sleep_duration,respiratory_rate,sleep_score,sleep_consistency,sleep_efficiency,sws_duration,wake_duration
0,47853520,111605517,4,7,2020-09-05T06:55:56.347+00:00,2020-09-05T16:17:33.866+00:00,33697519,False,151886,18529931,0,29976486,4445975,16.9336,100,,0.893603,7000580,3757714
1,48048457,112021285,3,7,2020-09-06T07:21:58.462+00:00,2020-09-06T13:28:11.932+00:00,21973470,False,179763,8110389,0,20045836,6500002,17.1094,72,,0.919799,5435445,1953960
2,48406519,112779489,3,8,2020-09-08T04:43:20.526+00:00,2020-09-08T12:23:58.957+00:00,27638431,False,157654,13518901,0,25737385,7084291,16.6113,82,,0.93656,5134193,1930851
3,48601077,113193936,3,4,2020-09-09T06:25:24.027+00:00,2020-09-09T12:20:29.392+00:00,21305365,False,95169,8981503,0,19313401,4414186,17.0508,61,74,0.910572,5917712,2018440
4,48760188,113543562,3,8,2020-09-10T04:42:11.313+00:00,2020-09-10T12:10:02.623+00:00,26871310,False,197067,16372854,0,24989555,5314211,16.875,72,81,0.936842,3302490,1909661
5,48947451,113932840,2,9,2020-09-11T04:41:24.21+00:00,2020-09-11T12:09:50.129+00:00,26905919,False,124970,15577769,0,25310053,5136141,17.4023,76,91,0.945077,4596143,1626690
6,49177923,114406434,4,6,2020-09-12T06:58:32.007+00:00,2020-09-12T14:48:17.421+00:00,28185414,False,177841,17974520,0,26714415,3422805,17.5195,83,53,0.953828,5317090,1498683
7,49370287,114814666,3,6,2020-09-13T07:21:47.944+00:00,2020-09-13T14:17:29.921+00:00,24941977,False,130737,14478547,0,23668919,2672987,17.666,76,66,0.95396,6517385,1303267
8,49500467,115080153,3,5,2020-09-14T03:12:55.074+00:00,2020-09-14T11:54:29.339+00:00,31294265,False,93246,16636574,0,30361495,7539612,16.4062,98,48,0.973093,6185309,965409
9,49691654,115490778,2,8,2020-09-15T06:37:19.379+00:00,2020-09-15T11:47:29.249+00:00,18609870,False,129776,8979529,0,16608667,3513289,17.0508,55,64,0.898733,4115849,2023250
10,49934296,115998195,3,4,2020-09-16T08:49:22.439+00:00,2020-09-16T12:15:59.406+00:00,12396967,False,155732,3186012,0,9792876,3392927,17.4609,26,57,0.799991,3213937,2620035
11,50090549,116342324,2,10,2020-09-17T05:31:41.885+00:00,2020-09-17T12:12:06.776+00:00,24024891,False,136505,13224295,0,22023869,4684698,16.6992,58,69,0.921949,4114876,2029014
12,50275822,116731266,3,4,2020-09-18T05:27:07.912+00:00,2020-09-18T12:03:12.287+00:00,23764375,False,170150,11936473,0,21430003,4325670,17.2266,60,81,0.908273,5167860,2363016
13,50478447,117144544,5,9,2020-09-19T08:04:21.276+00:00,2020-09-19T15:59:59.487+00:00,28538211,False,156692,11056730,0,25475545,9372278,17.8125,76,41,0.89761,5046537,3098430
14,50635699,117494538,2,10,2020-09-20T05:54:04.879+00:00,2020-09-20T15:02:19.716+00:00,32894837,False,173035,19906302,0,29966766,3333247,16.6113,94,64,0.915804,6727217,2965567
15,50879478,117964108,4,10,2020-09-21T07:31:24.804+00:00,2020-09-21T13:55:29.165+00:00,23044361,False,63446,10272241,0,19283574,3663445,16.5234,66,67,0.839113,5347888,3788560
16,51052075,118341268,3,6,2020-09-22T04:41:16.73+00:00,2020-09-22T12:11:59.152+00:00,27042422,False,101898,15590256,0,25530432,5344042,17.4023,79,49,0.947659,4596134,1541985
17,51255681,118779603,6,10,2020-09-23T04:49:24.155+00:00,2020-09-23T12:52:59.272+00:00,29015117,False,184570,14176299,0,26397717,6938015,16.875,84,69,0.915616,5283403,2648982
18,51439398,119175452,1,4,2020-09-24T06:49:48.455+00:00,2020-09-24T12:35:16.074+00:00,20727619,False,161499,11458090,0,18486578,2852977,17.1094,57,72,0.898885,4175511,2265810
19,51620294,119559769,2,9,2020-09-25T04:07:16.037+00:00,2020-09-25T11:58:59.685+00:00,28303648,False,72098,17030249,0,27030121,3813597,15.7617,81,71,0.957444,6186275,1306153
20,51864339,120060095,3,4,2020-09-26T08:29:37.362+00:00,2020-09-26T15:23:54.74+00:00,24857378,False,171112,9882432,0,23151064,7622350,16.6406,75,39,0.937811,5646282,1735435
21,52073448,120534515,6,7,2020-09-27T06:00:27.594+00:00,2020-09-27T18:33:38.455+00:00,45190861,False,181686,26772171,0,40556756,5677080,17.0215,100,36,0.901078,8107505,4685666
22,52250156,120845924,0,2,2020-09-28T03:15:00+00:00,2020-09-28T12:00:00+00:00,9425578,False,179764,7001531,22073203,8894852,0,19.0723,32,27,0.962041,1893321,541912
23,52398326,121169028,5,7,2020-09-29T06:52:05.417+00:00,2020-09-29T14:52:29.133+00:00,28823716,False,173996,14026141,0,24055843,4503741,17.3145,82,42,0.839654,5525961,4803056
24,52622412,121634335,2,9,2020-09-30T06:43:45.535+00:00,2020-09-30T13:19:52.795+00:00,23767260,False,102860,13568952,0,21977731,3874237,16.1719,72,54,0.928725,4534542,1812458
25,52813986,122038753,3,10,2020-10-01T06:00:05.016+00:00,2020-10-01T13:10:59.265+00:00,25854249,False,113434,14714359,0,23638102,4176469,16.582,75,58,0.918312,4747274,2246545
26,53001362,122430578,3,6,2020-10-02T08:39:39.585+00:00,2020-10-02T14:24:11.448+00:00,20671863,False,199952,5556717,0,18722376,8150803,17.1094,57,58,0.91454,5014856,1974150
27,53232806,122908813,2,10,2020-10-03T07:42:12.5+00:00,2020-10-03T15:40:59.121+00:00,28726621,False,0,18996674,0,26537238,3304410,16.1719,79,67,0.923786,4236154,2221547
28,53387540,123227021,6,18,2020-10-04T05:13:34.477+00:00,2020-10-04T22:31:59.304+00:00,62304827,False,0,30328716,0,44445365,5705963,17.6367,100,18,0.713353,8410686,17930109
29,53496877,123487266,5,9,2020-10-05T02:58:03.662+00:00,2020-10-05T14:06:15.772+00:00,40092110,False,146119,17072609,0,38130177,13156053,16.4355,100,13,0.954543,7901515,2009758
30,53698357,123915116,3,8,2020-10-06T04:57:42.646+00:00,2020-10-06T12:13:59.895+00:00,26177249,False,166306,14446812,0,22436808,4474829,17.168,77,43,0.862591,3515167,3771229
31,53995706,124500429,2,11,2020-10-07T04:34:18.174+00:00,2020-10-07T12:24:07.426+00:00,28189252,False,100936,14571919,0,25867354,5556756,17.2266,83,44,0.920929,5738679,2354384
32,54203044,124937744,2,9,2020-10-08T06:32:08.552+00:00,2020-10-08T12:42:11.769+00:00,22203217,False,109589,12197350,0,20557020,3134027,16.9629,62,49,0.93045,5225643,1672870
33,54375086,125307001,2,5,2020-10-09T04:53:08.727+00:00,2020-10-09T12:14:56.661+00:00,26507934,False,169190,17025419,0,25704679,4385348,17.2852,75,72,0.975927,4293912,832574
34,54550398,125679321,5,9,2020-10-10T04:18:04.471+00:00,2020-10-10T14:21:15.613+00:00,36191142,False,114395,23950850,0,33381865,2943460,16.6113,100,67,0.925301,6487555,2851020
35,54779909,126137936,2,13,2020-10-11T06:21:55.347+00:00,2020-10-11T13:22:22.825+00:00,25227478,False,152847,14979080,0,22880592,2284113,17.5195,82,66,0.9125,5617399,2376510
36,54993558,126557060,6,5,2020-10-12T07:45:04.437+00:00,2020-10-12T15:01:31.295+00:00,26186858,False,173995,14177305,0,23279119,4776142,16.5527,75,58,0.894908,4325672,2939580
37,55151651,126908982,1,11,2020-10-13T05:48:54.025+00:00,2020-10-13T11:12:07.355+00:00,19393330,False,154770,11207850,0,17544269,2700898,17.0508,57,67,0.911933,3635521,1868289
38,55390116,127402796,1,9,2020-10-14T08:36:17.854+00:00,2020-10-14T13:13:28.399+00:00,16630545,False,161499,10419507,0,14594056,1831722,17.4609,42,57,0.886151,2342827,2055015
39,55578233,127807885,4,6,2020-10-15T04:25:54.488+00:00,2020-10-15T13:42:29.198+00:00,33394710,False,183609,18949552,0,29672253,5075497,17.5195,79,54,0.893444,5647204,3759690
40,55786993,128236012,2,7,2020-10-16T05:55:25.283+00:00,2020-10-16T12:11:04.959+00:00,22539676,False,0,13403404,0,21695691,4356462,17.5488,68,69,0.962556,3935825,872058
41,55993218,128649994,2,5,2020-10-17T07:26:31.397+00:00,2020-10-17T13:38:29.971+00:00,22318574,False,177841,13607482,0,21505110,4864695,17.7539,61,67,0.971292,3032933,838377
42,56240578,129420290,4,6,2020-10-19T04:03:02.034+00:00,2020-10-19T12:40:29.101+00:00,31047067,False,117280,19873616,36348,30085254,5766606,17.4609,92,44,0.972695,4445032,959659
43,56550523,129811278,3,10,2020-10-20T04:20:21.057+00:00,2020-10-20T11:44:59.143+00:00,26678086,False,187454,16333363,0,24835503,5137095,18.3398,82,58,0.93752,3365045,1872131
44,56801204,130330966,3,13,2020-10-21T03:53:25.905+00:00,2020-10-21T12:57:41.374+00:00,32655469,False,183609,21813144,0,29894654,3815522,17.7539,89,66,0.920633,4265988,2800032
45,57001477,130752452,3,11,2020-10-22T04:29:45.176+00:00,2020-10-22T13:35:29.083+00:00,32743907,False,163422,20510752,0,30242068,5104369,17.6953,100,74,0.928226,4626947,2535320
46,57153381,131090867,2,8,2020-10-23T06:17:04.937+00:00,2020-10-23T11:18:11.668+00:00,18066731,False,203796,6998657,0,16681784,5929249,17.6367,60,64,0.933877,3753878,1407202
47,57410363,131593855,3,5,2020-10-24T07:55:27.419+00:00,2020-10-24T14:20:29.459+00:00,23102040,False,150925,10484029,0,19493400,5676080,18.6328,56,50,0.849344,3333291,3636488
48,57626811,132041935,7,7,2020-10-25T06:59:55.524+00:00,2020-10-25T16:50:54.152+00:00,35458628,False,153809,15851128,0,31708083,8737981,17.5195,90,48,0.898123,7118974,3790481
49,57784888,132345367,8,5,2020-10-26T02:26:46.268+00:00,2020-10-26T12:45:59.676+00:00,37153408,False,101898,22316543,0,35533189,7659882,17.8711,100,29,0.959021,5556764,1664219
50,57973167,132745148,1,7,2020-10-27T06:32:41.006+00:00,2020-10-27T11:55:29.343+00:00,19368337,False,167267,11862341,0,18049569,3544083,17.7539,63,53,0.940029,2643145,1339835
51,58111940,133083210,2,10,2020-10-28T02:38:57.51+00:00,2020-10-28T09:24:31.937+00:00,24334427,False,181686,12526464,0,22168257,4054235,17.5195,66,46,0.917836,5587558,2193641
52,58315151,133506659,5,13,2020-10-29T04:16:19.338+00:00,2020-10-29T12:40:53.659+00:00,30274321,False,189377,17571156,0,27323618,4886818,17.5195,81,53,0.908216,4865644,2981907
53,58635808,134096345,1,6,2020-10-30T08:53:14.494+00:00,2020-10-30T12:16:32.471+00:00,12197977,False,103821,4864659,0,11176048,3786644,17.1387,36,38,0.924087,2524745,1035673
54,58813571,134467144,2,13,2020-10-31T04:28:51.063+00:00,2020-10-31T13:25:55.865+00:00,32224802,False,127853,19038115,0,30539555,5614528,17.4023,81,57,0.951478,5886912,1722925
55,59018881,134880015,2,14,2020-11-01T06:19:32.698+00:00,2020-11-01T14:35:59.697+00:00,29786999,False,205719,20424182,0,26793325,2192673,17.4609,86,54,0.905753,4176470,3031997
56,59249429,135329258,1,6,2020-11-02T07:52:25.903+00:00,2020-11-02T15:27:16.338+00:00,27290435,False,182647,18937069,0,25543966,3002174,17.5195,85,57,0.942311,3604723,1775883
57,59459843,135768481,6,10,2020-11-03T04:59:24.789+00:00,2020-11-03T15:02:13.823+00:00,36169034,False,0,17094770,0,34945107,7609837,17.4023,100,65,0.966161,10240500,1263830
58,59614619,136106767,3,3,2020-11-04T06:03:58.842+00:00,2020-11-04T12:50:59.787+00:00,24420945,False,119201,15978223,0,23968269,4805953,17.4023,86,76,0.986278,3184093,480309
59,59817968,136524955,3,7,2020-11-05T04:21:24.57+00:00,2020-11-05T14:17:59.653+00:00,35795083,False,153809,21414666,0,33787170,5945607,17.4023,100,66,0.947979,6426897,2048285
60,60041654,136974478,6,10,2020-11-06T06:14:43.862+00:00,2020-11-06T14:24:19.36+00:00,29375498,False,134582,17365232,0,26303381,3741379,17.3438,91,75,0.89954,5196770,3105165
61,60521112,137988174,4,9,2020-11-07T05:23:39.212+00:00,2020-11-07T15:55:58.962+00:00,37937828,False,198990,12917321,0,31831272,12577524,16.9336,100,70,0.843462,6336427,6147740
62,60522077,137996163,5,6,2020-11-08T04:16:57.303+00:00,2020-11-08T13:49:48.696+00:00,34370432,False,61523,19735025,0,32966123,7133385,17.0508,100,67,0.960862,6097713,1443811
63,60724896,138364496,2,8,2020-11-09T07:36:58.307+00:00,2020-11-09T13:28:10.071+00:00,21070803,False,179763,12294557,0,19713847,4383431,17.4902,71,60,0.943651,3035859,1381245
64,60896530,138705020,4,6,2020-11-10T03:58:22.266+00:00,2020-11-10T13:23:29.351+00:00,33907085,False,125930,18625230,0,31600261,6037036,16.9336,100,64,0.935441,6937995,2348597
65,61060247,139070950,2,6,2020-11-11T07:27:30.145+00:00,2020-11-11T12:32:59.311+00:00,18329166,False,119201,10001784,0,17421033,4864661,17.8125,60,66,0.956676,2554588,929815
66,61238471,139460567,3,14,2020-11-12T06:04:17.198+00:00,2020-11-12T13:02:29.047+00:00,24941885,False,162460,12611246,0,21321261,5106251,16.9922,61,70,0.860442,3603764,3648894
67,61503530,139964291,2,10,2020-11-13T08:46:15.01+00:00,2020-11-13T12:50:31.998+00:00,14656988,False,133621,7570392,0,13036673,2823136,17.3438,37,67,0.897634,2643145,1638221
68,61752880,140458116,4,12,2020-11-14T07:32:23.265+00:00,2020-11-14T16:29:04.039+00:00,32200774,False,65369,21299146,0,30461608,3186018,17.5781,80,50,0.947914,5976444,1776851
69,61935528,140824557,2,9,2020-11-15T08:30:00+00:00,2020-11-15T16:13:00+00:00,27779740,False,2939665,14656650,0,21411785,2283152,17.8711,68,63,0.861986,4471983,6398033
70,62136215,141211913,9,14,2020-11-16T06:34:30.141+00:00,2020-11-16T15:48:58.92+00:00,33267818,False,209564,12944301,0,29191999,9188409,17.0215,91,69,0.883047,7059289,4114873
71,62294693,141563608,3,10,2020-11-17T06:03:00.211+00:00,2020-11-17T13:14:29.5+00:00,25889289,False,119202,12275284,34042,24018307,6456740,17.4023,82,70,0.932023,5286283,1861559
72,62508313,142006841,4,10,2020-11-18T07:19:00.071+00:00,2020-11-18T13:49:29.913+00:00,23429842,False,209564,12042362,0,20782220,4803054,17.4316,65,64,0.895003,3936804,2674907
73,62720090,142438262,4,8,2020-11-19T06:05:48.52+00:00,2020-11-19T14:29:02.092+00:00,30192611,False,129776,16161109,0,25894354,3754883,17.7539,76,72,0.861341,5978362,4336240
74,62928671,142859186,3,11,2020-11-20T05:25:21.303+00:00,2020-11-20T14:15:21.21+00:00,31718197,False,98053,21987319,0,29344040,2252354,17.3438,88,76,0.928017,5104367,2409238
75,63659006,144327441,2,9,2020-11-21T08:03:29.35+00:00,2020-11-21T15:06:52.746+00:00,25402434,False,149002,16721269,0,23331051,3364089,17.6953,79,66,0.923876,3245693,2102195
76,63662410,144352549,4,8,2020-11-22T07:28:56.771+00:00,2020-11-22T15:19:57.161+00:00,28259428,False,182647,17090916,0,26366911,5071607,17.9883,82,78,0.9391,4204388,1927968
77,63658961,144359901,3,7,2020-11-23T05:19:01.561+00:00,2020-11-23T12:59:57.291+00:00,27387526,False,177841,14563247,0,23211701,3933916,17.2852,76,71,0.853068,4714538,4205353
78,63761070,144527963,3,6,2020-11-24T06:13:10.754+00:00,2020-11-24T13:29:08.774+00:00,26157059,False,169189,11472563,0,24543896,7274894,17.8125,78,68,0.944437,5796439,1643993
79,64027653,145047435,3,10,2020-11-25T06:35:28.877+00:00,2020-11-25T14:02:07.125+00:00,26610794,False,89402,15885818,0,25078089,4265000,17.5195,77,76,0.94558,4927271,1561250
80,64160877,145354842,4,9,2020-11-26T06:25:22.286+00:00,2020-11-26T13:32:24.86+00:00,25621613,False,125931,15555578,0,22822747,4564347,17.666,70,84,0.895161,2702822,2826983
81,64386085,145790228,4,5,2020-11-27T04:11:17.218+00:00,2020-11-27T12:38:34.954+00:00,30436774,False,161499,16856983,0,29472070,8319258,17.8711,92,70,0.97347,4295829,1002954
82,64622913,146240441,6,13,2020-11-28T04:19:55.34+00:00,2020-11-28T15:22:50.216+00:00,39773915,False,0,26576745,0,36697874,3843429,17.373,100,62,0.922662,6277700,3123417
83,64780440,146582986,4,16,2020-11-29T08:20:24.481+00:00,2020-11-29T16:37:08.72+00:00,29644662,False,153809,16728011,0,25858688,4234226,17.4902,89,42,0.876838,4896451,3821296
84,65021458,147030480,3,15,2020-11-30T05:51:38.771+00:00,2020-11-30T13:55:56.081+00:00,28610303,False,169189,13250364,0,25321585,8075705,16.7871,86,55,0.890316,3995516,3319789
85,65222129,147436984,2,6,2020-12-01T05:34:04.245+00:00,2020-12-01T12:33:14.821+00:00,24955432,False,203797,12559226,0,22614924,4111034,17.5781,72,65,0.913674,5944664,2366864
86,65515294,148037751,5,7,2020-12-02T11:28:09.039+00:00,2020-12-02T17:57:21.975+00:00,23351013,False,169189,12037535,0,19121856,3240886,16.9336,60,23,0.824864,3843435,4255368
87,65644817,148301791,1,5,2020-12-03T06:50:54.615+00:00,2020-12-03T12:29:42.332+00:00,20326756,False,183609,11653507,0,18901444,4004167,17.6953,57,38,0.938356,3243770,1447660
88,65890370,148778799,3,7,2020-12-04T07:02:00.79+00:00,2020-12-04T13:40:33.848+00:00,23728488,False,149002,11832529,33288,21617719,5670318,17.959,61,53,0.916802,4114872,2103174
89,66150022,149298632,7,8,2020-12-05T06:50:33.129+00:00,2020-12-05T17:36:57.865+00:00,38666496,False,175919,20151800,0,36369647,9010330,17.373,100,50,0.944897,7207517,2340868
90,66323354,149635433,5,11,2020-12-06T07:46:46.397+00:00,2020-12-06T14:57:34.877+00:00,25847519,False,72098,15861712,0,23408045,4512393,18.1055,82,55,0.908154,3033940,2472761
91,66453718,149924928,4,5,2020-12-07T06:46:47.167+00:00,2020-12-07T14:06:08.021+00:00,26359893,False,161499,7692639,0,22175048,6944742,17.9004,67,71,0.846428,7537667,4216889
92,66735239,150464553,7,4,2020-12-08T02:12:27.728+00:00,2020-12-08T13:13:24.203+00:00,39451879,False,90362,18593445,0,37004893,11022049,17.5781,100,25,0.940129,7389399,2491063
93,66962174,150932197,2,11,2020-12-09T05:24:29.897+00:00,2020-12-09T13:02:16.251+00:00,27329849,False,178802,17686699,0,25043410,2852013,17.2266,88,49,0.922374,4504698,2312036
94,67139253,151317500,5,12,2020-12-10T05:02:46.448+00:00,2020-12-10T11:27:46.563+00:00,23099154,False,161499,13053002,0,20738918,3122496,17.8125,68,61,0.904143,4563420,2385165
95,67395621,151814445,3,6,2020-12-11T06:36:39.67+00:00,2020-12-11T13:22:22.778+00:00,23779785,False,108627,13875038,0,21146082,2643143,17.8711,63,62,0.893327,4627901,2660448
96,67594541,152216306,2,11,2020-12-12T07:07:25.39+00:00,2020-12-12T13:23:40.633+00:00,22574281,False,184571,13909704,0,20997870,2434273,17.666,64,70,0.937836,4653893,1598777
97,67893625,152897448,0,1,2020-12-13T07:00:00+00:00,2020-12-13T13:30:00+00:00,11626000,False,0,1501567,11772699,2973296,0,15.1758,9,83,0.255745,1471729,8664778
98,68038068,153082682,4,9,2020-12-14T03:56:20.773+00:00,2020-12-14T13:09:13.502+00:00,33171768,False,0,15896398,0,30444256,7910164,17.7539,93,44,0.917776,6637694,2765424
99,68216926,153466333,2,7,2020-12-15T05:00:55.853+00:00,2020-12-15T11:32:38.752+00:00,23374085,False,122085,10905609,0,21718768,6667490,17.5781,74,58,0.93406,4145669,1684452
100,68425997,153900905,9,14,2020-12-16T04:00:16.237+00:00,2020-12-16T13:24:44.868+00:00,33703287,False,131698,16099460,0,29824325,8078581,17.1094,92,63,0.88838,5646284,3915601
101,68706488,154431365,1,12,2020-12-17T07:02:04.139+00:00,2020-12-17T13:29:36.136+00:00,23251036,False,203796,12618942,0,18116018,2162831,17.5781,62,62,0.786039,3334245,5159198
102,68873324,154789024,3,13,2020-12-18T07:22:20.164+00:00,2020-12-18T13:30:58.786+00:00,22117661,False,159577,10181779,0,18951474,4594183,17.7832,54,72,0.863075,4175512,3191792
103,69206300,155446382,6,5,2020-12-19T10:38:26.501+00:00,2020-12-19T19:24:52.998+00:00,31473063,False,182647,15617188,0,25046268,4234228,18.75,72,18,0.800445,5194852,6459626
104,69408323,155807206,2,10,2020-12-20T05:04:58.889+00:00,2020-12-20T13:51:41.727+00:00,31601877,False,120163,13374527,0,28574049,9011328,17.7246,91,23,0.90764,6188194,3064740
105,69544116,156084917,5,5,2020-12-21T05:50:00+00:00,2020-12-21T13:56:00+00:00,29159331,False,389328,14866472,0,25406330,3543128,18.5156,82,53,0.883084,6996730,3784808
106,69795036,156579689,5,9,2020-12-22T04:39:12.689+00:00,2020-12-22T13:30:08.346+00:00,31726842,False,105743,18379721,0,29882110,6607841,17.9883,96,59,0.945005,4894548,1879826
107,70051215,157089538,2,4,2020-12-23T07:08:55.077+00:00,2020-12-23T12:18:45.715+00:00,18589677,False,183608,10812248,0,17403707,3978156,17.8125,57,61,0.945542,2613303,1206059
108,70281616,157599191,1,2,2020-12-24T13:01:16.994+00:00,2020-12-24T16:45:29.47+00:00,13333272,False,192259,7029415,0,10031568,1381213,18.0469,27,18,0.763379,1620940,3316900
109,70394225,157794293,3,5,2020-12-25T06:50:49.734+00:00,2020-12-25T15:06:50.715+00:00,29649470,False,189377,12405213,0,23910486,4955173,16.9629,64,41,0.811623,6550100,5777158
110,70641679,158203250,5,12,2020-12-26T04:47:04.663+00:00,2020-12-26T14:25:16.208+00:00,34434877,False,203797,20786116,0,31535781,4803066,17.1094,97,46,0.921262,5946599,2937663
111,70804865,158566874,6,9,2020-12-27T05:12:44.681+00:00,2020-12-27T15:30:45.985+00:00,36435309,False,133621,19252760,0,33666807,7117008,17.3438,100,61,0.927417,7297039,2807714
112,71174205,159240545,3,6,2020-12-28T09:35:39.648+00:00,2020-12-28T15:57:39.995+00:00,22789610,False,169189,11565878,0,20427051,4145675,17.5781,71,49,0.903036,4715498,2391892
113,71274582,159518874,6,11,2020-12-29T04:53:14.741+00:00,2020-12-29T15:00:54.083+00:00,36315146,False,193222,19254721,0,31838962,6817646,17.3438,99,66,0.88143,5766595,4515268
114,71506583,160011414,1,5,2020-12-30T06:13:00+00:00,2020-12-30T12:33:00+00:00,22799225,False,119201,10843047,0,19787935,3991668,17.8711,69,71,0.872483,4953220,3033892
115,71793324,160570915,1,5,2020-12-31T07:32:42.563+00:00,2020-12-31T12:29:56.658+00:00,17833134,False,196106,12821041,0,16006094,1982839,17.168,50,51,0.907528,1202214,1849031
116,72050839,161070956,4,10,2021-01-01T10:17:18.049+00:00,2021-01-01T19:06:03.938+00:00,31721082,False,71137,15946436,0,24867294,3694243,17.168,69,23,0.785698,5226615,6892747
117,72244264,161468851,7,7,2021-01-02T05:46:48.368+00:00,2021-01-02T15:41:46.351+00:00,35500915,False,0,17882066,0,32807258,9278919,16.7578,100,17,0.924124,5646273,2733577
118,72523338,162026096,7,6,2021-01-03T04:54:57.567+00:00,2021-01-03T14:45:44.31+00:00,35251945,False,90362,15978178,0,32014145,7835101,17.0801,100,39,0.910486,8200866,3275549
119,72733541,162462149,3,10,2021-01-04T07:47:47.13+00:00,2021-01-04T16:06:06.542+00:00,29861921,False,191299,17417192,0,26309165,4595178,17.2266,91,48,0.886708,4296795,3586420
120,72972125,162980222,3,12,2021-01-05T06:21:00+00:00,2021-01-05T14:32:00+00:00,29459134,False,149002,15439182,0,26341907,5554838,16.875,90,61,0.89873,5347887,3148446
121,73273740,163608175,2,10,2021-01-06T08:02:09.396+00:00,2021-01-06T14:32:42.12+00:00,23120301,False,110549,14776922,0,20932389,2400588,17.3145,68,64,0.909718,3754879,2213822
122,73477758,164049573,2,15,2021-01-07T06:36:30.262+00:00,2021-01-07T12:38:30.907+00:00,21629321,False,119202,9159564,0,18617481,4472897,17.1387,58,80,0.865522,4985020,3033935
123,73762214,164621833,1,6,2021-01-08T08:03:33.973+00:00,2021-01-08T14:15:27.74+00:00,21896562,False,176880,14984837,0,20723516,2613303,17.4023,61,74,0.954135,3125376,1198330
124,74018291,165147285,3,6,2021-01-09T08:51:03.272+00:00,2021-01-09T16:06:24.332+00:00,25615845,False,206680,12942366,0,24261853,6123668,16.5527,74,62,0.954847,5195819,1381218
125,74177980,165520188,4,4,2021-01-10T05:20:00+00:00,2021-01-10T14:02:00+00:00,31319257,False,179764,12643028,0,27990749,8649379,17.5195,86,50,0.898883,6698342,3365049
126,74452702,166060319,5,8,2021-01-11T05:55:27.366+00:00,2021-01-11T12:46:18.061+00:00,24649733,False,91324,13602659,0,23618867,4970561,17.6367,73,68,0.961743,5045647,1053981
127,74690485,166574383,2,10,2021-01-12T06:53:41.687+00:00,2021-01-12T12:39:56.408+00:00,20773760,False,137466,11470593,0,18460568,3118607,17.1094,56,65,0.894568,3871368,2333179
128,74952780,167136859,4,6,2021-01-13T06:29:50.372+00:00,2021-01-13T14:14:36.814+00:00,27609587,False,189377,17958977,0,24959540,2373629,17.373,72,74,0.910261,4626934,2684518
129,75195477,167660694,2,6,2021-01-14T06:25:54.845+00:00,2021-01-14T12:45:43.5+00:00,22744435,False,154770,13393790,0,20842881,4385310,17.0801,66,80,0.922673,3063781,1927007
130,75435410,168173115,4,10,2021-01-15T04:57:24.6+00:00,2021-01-15T12:27:35.296+00:00,26854964,False,184570,16395926,0,24718066,4536460,17.8125,73,74,0.926798,3785680,2167646
131,75738224,168775462,4,9,2021-01-16T05:59:04.741+00:00,2021-01-16T14:59:00.47+00:00,32154625,False,204758,12525546,0,30061139,11077889,16.9922,89,69,0.940885,6457704,2127145
132,76011768,169347927,5,6,2021-01-17T07:42:24.166+00:00,2021-01-17T15:53:55.981+00:00,29489895,False,64407,14986811,0,27444985,7862989,17.168,89,57,0.932694,4595185,2077163
133,76225448,169792243,1,6,2021-01-18T09:32:59.064+00:00,2021-01-18T13:04:09.039+00:00,12630561,False,149002,6575138,0,11261716,2311985,17.4609,38,48,0.902268,2374593,1382214
134,76401811,170228749,4,10,2021-01-19T05:53:56.112+00:00,2021-01-19T10:53:04.603+00:00,17947530,False,183609,5045648,0,15712550,6912018,17.5781,42,58,0.88452,3754884,2256208
135,76713488,170864442,2,6,2021-01-20T05:35:32.521+00:00,2021-01-20T12:57:43.525+00:00,26456984,False,206681,13845188,0,24956794,7598319,17.2266,70,58,0.950724,3513287,1530410
136,76957048,171390017,3,6,2021-01-21T06:24:41.781+00:00,2021-01-21T12:38:11.68+00:00,22408937,False,198029,9557046,0,20248982,6125631,17.4023,59,69,0.911668,4566305,2183019
137,77162856,171852366,4,5,2021-01-22T04:02:21.555+00:00,2021-01-22T12:32:56.363+00:00,30457928,False,187457,16427677,0,27869431,7116083,17.6367,84,64,0.92068,4325671,2620031
138,77535066,172586276,8,8,2021-01-23T07:33:14.248+00:00,2021-01-23T16:25:59.499+00:00,31964289,False,195145,14505489,0,29491313,8436688,17.4023,92,40,0.9283,6549136,2509358
139,77741057,173018043,3,8,2021-01-24T07:38:43.97+00:00,2021-01-24T14:58:14.887+00:00,25576433,False,195145,15466107,0,24358089,3994559,17.2266,80,53,0.959687,4897423,1247436
140,77949339,173451399,3,11,2021-01-25T04:56:49.99+00:00,2021-01-25T12:26:13.581+00:00,26890532,False,130737,16069650,0,24770005,5431602,17.4609,77,56,0.925643,3268753,2146453
141,78174236,173956212,3,8,2021-01-26T05:47:16.16+00:00,2021-01-26T11:29:20.943+00:00,20413272,False,101898,11175139,0,18290241,3301501,17.4902,55,60,0.900493,3813601,2143567
142,78440193,174535945,2,13,2021-01-27T04:47:01.652+00:00,2021-01-27T11:43:56.683+00:00,25014069,False,207641,13000117,0,22367562,3449723,17.1973,63,60,0.901684,5917722,2672976
143,78663659,175041070,3,5,2021-01-28T04:40:54.42+00:00,2021-01-28T10:36:10.354+00:00,21314973,False,185531,9245229,0,19887105,6797474,17.2266,59,75,0.941204,3844402,1445737
144,78972826,175646773,2,4,2021-01-29T07:51:33.985+00:00,2021-01-29T12:04:54.109+00:00,15200125,False,115357,7772514,0,14258128,3694235,17.4609,39,57,0.9452,2791379,956738
145,79270167,176233684,6,6,2021-01-30T07:33:00+00:00,2021-01-30T15:30:00+00:00,28618954,False,178802,14926119,0,25798050,5107256,17.7539,69,44,0.9071,5764675,2852017
146,79503240,176738847,4,9,2021-01-31T07:28:41.22+00:00,2021-01-31T13:52:34.043+00:00,23031862,False,167267,13879878,0,20338548,2343796,17.4902,58,57,0.889521,4114874,2722007
147,79671100,177128753,2,6,2021-02-01T05:14:18.759+00:00,2021-02-01T10:00:02.64+00:00,17140997,False,100937,9788117,0,15795328,3273575,17.5781,45,55,0.926953,2733636,1363908
148,79992127,177770087,2,8,2021-02-02T06:16:37.256+00:00,2021-02-02T12:23:33.963+00:00,21861956,False,171112,9912229,0,19822576,6727214,17.6074,54,60,0.913868,3183133,2063662
149,80275626,178377983,5,5,2021-02-03T05:55:19.682+00:00,2021-02-03T12:50:45.312+00:00,24519960,False,220139,10541731,0,23098118,8591670,17.4609,68,70,0.950547,3964717,1452463
150,80500562,178884596,2,1,2021-02-04T05:19:37.001+00:00,2021-02-04T11:27:08.333+00:00,21922518,False,202835,13092488,0,21171073,4804974,17.7539,62,75,0.974741,3273611,774817
151,80751494,179419040,4,6,2021-02-05T05:34:00+00:00,2021-02-05T13:00:00+00:00,26758832,False,178802,13788433,0,25021229,6815725,17.2852,69,81,0.941354,4417071,1769156
152,81125251,180157879,5,4,2021-02-06T07:50:32.455+00:00,2021-02-06T15:19:24.323+00:00,26930906,False,116317,8923760,0,25431273,11343465,17.7539,73,48,0.948412,5164048,1528495
153,81365601,180657983,2,7,2021-02-07T07:47:45.176+00:00,2021-02-07T15:26:40.745+00:00,27434632,False,194183,17808948,0,25498706,3334251,17.2852,77,65,0.93606,4355507,1967415
154,81557631,181061565,3,6,2021-02-08T08:25:00+00:00,2021-02-08T14:30:00+00:00,21899446,False,239364,12585255,0,20573391,4474847,17.1094,62,71,0.94983,3513289,1352336
155,81848067,181660305,4,5,2021-02-09T05:52:41.13+00:00,2021-02-09T13:32:42.445+00:00,27438476,False,137466,14928104,0,25798026,7325848,17.4316,79,67,0.944948,3544074,1671913
156,82026211,182098077,3,12,2021-02-10T05:24:16.371+00:00,2021-02-10T12:23:25.021+00:00,25147689,False,193222,13516037,0,23089461,4737610,17.3438,70,65,0.925264,4835814,2088693
157,82326791,182713906,5,8,2021-02-11T05:27:58.414+00:00,2021-02-11T13:20:39.74+00:00,28141188,False,180725,18921672,0,26548835,3333249,17.7393,76,72,0.949513,4293914,1621887
158,82535905,183177613,3,14,2021-02-12T05:05:00+00:00,2021-02-12T12:45:00+00:00,27597172,False,208603,16155319,0,24864397,3362156,17.2852,74,81,0.907838,5346922,2758662
159,82949074,183967402,5,14,2021-02-13T08:00:32.815+00:00,2021-02-13T17:23:26.096+00:00,33416815,False,145157,15919503,0,31348050,8613768,17.1387,91,35,0.942185,6814779,2098308
160,83173948,184417621,3,4,2021-02-14T06:19:00+00:00,2021-02-14T11:00:00+00:00,16859331,False,179763,5165965,0,9610993,1710443,16.7578,31,43,0.576214,2734585,7265240
161,83407209,184885342,8,7,2021-02-15T04:27:59.202+00:00,2021-02-15T14:18:53.41+00:00,35129862,False,90363,16456571,0,30573190,7958269,17.5195,100,58,0.872535,6158350,4594220
162,83563707,185276819,4,8,2021-02-16T03:05:00+00:00,2021-02-16T12:58:00+00:00,35578789,False,178803,20661900,0,33183610,6037073,17.5488,100,42,0.937391,6484637,2432314
163,83910334,185963555,6,11,2021-02-17T04:47:45.438+00:00,2021-02-17T13:12:22.639+00:00,30162806,False,102859,15616214,0,27509424,6218029,17.4609,94,57,0.915152,5675181,2687411
164,84169350,186509142,5,14,2021-02-18T04:58:40.07+00:00,2021-02-18T12:59:40.31+00:00,28859279,False,169190,15988788,0,26287998,5704029,17.6074,86,70,0.916275,4595181,2602679
165,84422546,187032639,2,10,2021-02-19T06:10:01.693+00:00,2021-02-19T13:06:33.651+00:00,24988113,False,177841,14833740,0,22944128,3004096,17.5781,70,71,0.924783,5106292,2069471
166,84743219,187683068,5,16,2021-02-20T07:19:15.513+00:00,2021-02-20T16:29:04.555+00:00,32834268,False,74020,16096581,0,26934809,5315164,17.4609,79,45,0.82218,5523064,5933093
167,85006271,188439823,1,4,2021-02-21T07:30:00+00:00,2021-02-21T11:00:00+00:00,12598838,False,328765,2133952,0,7358641,2071397,18.1055,22,52,0.599723,3153292,5252562
168,85188789,188647434,4,7,2021-02-22T06:06:43.727+00:00,2021-02-22T14:09:59.513+00:00,28994824,False,104783,17626098,0,26692262,5222727,17.4609,100,55,0.923926,3843437,2328377
169,85470547,189273540,4,8,2021-02-23T05:24:24.911+00:00,2021-02-23T13:14:38.195+00:00,28212323,False,123047,11955744,0,26138813,8326952,17.2266,91,58,0.930562,5856117,2105036
170,85721874,189862785,4,7,2021-02-24T06:23:59.021+00:00,2021-02-24T12:51:25.256+00:00,22800190,False,179764,10961437,0,21202857,5526881,17.2852,67,64,0.937332,4714539,1619972
171,86007046,190523144,4,12,2021-02-25T06:33:17.526+00:00,2021-02-25T13:49:37.656+00:00,26179168,False,131700,13304242,0,22741896,4932951,17.4902,66,73,0.873094,4504703,3467063
172,86253915,191093785,2,9,2021-02-26T09:00:39.578+00:00,2021-02-26T13:24:39.932+00:00,15839392,False,140351,6820542,0,14156074,4213040,17.6074,42,60,0.901716,3122492,1701749
173,86534090,191768757,2,7,2021-02-27T06:22:54.608+00:00,2021-02-27T15:01:26.221+00:00,30995296,False,153809,21173023,0,29495173,3034898,17.7246,83,69,0.956347,5287252,1537175
174,86774899,192486120,1,6,2021-02-28T10:46:02.122+00:00,2021-02-28T14:54:31.888+00:00,13377495,False,86517,8560825,0,11503324,1201256,17.8125,35,51,0.865499,1741243,1890402
175,87021877,193277694,2,9,2021-03-01T06:00:09.585+00:00,2021-03-01T13:18:14.496+00:00,26283949,False,169189,14312029,0,23652531,4472927,17.4023,90,38,0.905715,4867575,2660466
176,87297895,194049251,6,14,2021-03-02T06:14:00.135+00:00,2021-03-02T13:39:31.09+00:00,26639631,False,179763,13155050,0,23335835,6366231,17.168,76,57,0.881933,3814554,3333265
177,87565062,194691126,4,10,2021-03-03T04:53:09.383+00:00,2021-03-03T13:19:48.669+00:00,30398325,False,198990,13114598,0,27080099,8439576,17.2266,84,58,0.896712,5525925,3353475
178,87938691,195691869,6,5,2021-03-04T09:15:42.313+00:00,2021-03-04T15:28:31.836+00:00,22368561,False,197067,9519553,0,20180642,5105327,17.4609,63,42,0.910207,5555762,2212862
179,88186832,196601605,5,13,2021-03-05T07:01:31.386+00:00,2021-03-05T15:30:44.482+00:00,30552135,False,0,14383312,0,28152429,8002534,17.1973,83,63,0.921455,5766583,2431389
180,88507434,197290216,2,7,2021-03-06T08:49:23.872+00:00,2021-03-06T14:13:38.725+00:00,19453891,False,305694,12795092,0,18358575,2650829,18.252,57,67,0.958763,2912654,1118464
181,88913758,197962957,5,11,2021-03-07T08:33:53.314+00:00,2021-03-07T17:28:46.953+00:00,31986401,False,65368,15951225,0,29945641,8406854,17.7539,83,60,0.938116,5587562,2079081
182,89097529,198334978,1,5,2021-03-08T05:25:38.958+00:00,2021-03-08T12:00:00.472+00:00,23660553,False,198990,11624591,0,22225086,5194849,17.0215,73,44,0.947298,5405646,1462077
183,89381352,198976830,2,12,2021-03-09T04:26:57.745+00:00,2021-03-09T12:04:09.491+00:00,27430784,False,330688,12172179,0,23434920,5617415,17.5781,70,37,0.864754,5645326,4026288
184,89835227,200074765,6,3,2021-03-10T06:34:39.317+00:00,2021-03-10T14:26:37.383+00:00,28317104,False,108627,15056095,0,27070541,6697360,17.2266,79,53,0.95966,5317086,1282081
185,90155407,200590461,3,6,2021-03-11T08:45:17.772+00:00,2021-03-11T13:40:02.866+00:00,17682210,False,70175,10093229,0,15199477,1712324,18.1348,45,50,0.863016,3393924,2504513
186,90477753,201094872,2,9,2021-03-12T08:38:57.132+00:00,2021-03-12T13:51:18.698+00:00,18542576,False,91324,8983405,0,16939752,3812594,17.4609,48,66,0.918081,4143753,1622850
187,90810027,201604808,3,10,2021-03-13T05:33:18.501+00:00,2021-03-13T14:46:39.243+00:00,33161221,False,189377,18535672,0,30004387,5852272,17.2559,84,61,0.91,5616443,3193777
188,91132508,202105537,6,17,2021-03-14T04:42:13.969+00:00,2021-03-14T15:40:10.841+00:00,39475911,False,104782,21723617,0,34485972,7449113,17.2559,100,58,0.87592,5313242,5033116
189,91347504,202441384,3,5,2021-03-15T04:23:29.232+00:00,2021-03-15T12:07:07.42+00:00,27720135,False,178802,14898231,0,24207923,4594185,17.168,81,65,0.878967,4715507,3544079
190,91756935,203062221,2,8,2021-03-16T03:51:15.072+00:00,2021-03-16T12:03:06.118+00:00,29510085,False,134582,18443304,0,27301596,3963757,16.9336,87,54,0.9294,4894535,2238850
191,92117383,203629682,6,12,2021-03-17T03:54:22.516+00:00,2021-03-17T12:44:49.342+00:00,31825864,False,97092,14536324,0,28787743,7374036,17.1094,90,71,0.907307,6877383,3074346
192,92417225,204146237,6,9,2021-03-18T04:19:33.678+00:00,2021-03-18T12:45:29.709+00:00,30355070,False,204758,12285897,0,27688476,7954432,17.0361,90,81,0.918348,7448147,2696018
193,92602862,204529440,5,8,2021-03-19T04:32:35.212+00:00,2021-03-19T12:30:52.995+00:00,28696822,False,114396,17598183,0,24977014,2304296,16.7578,81,87,0.873859,5074535,3751002
194,93009601,205220575,3,3,2021-03-20T11:26:02.58+00:00,2021-03-20T15:38:43.074+00:00,13857185,False,115356,4778066,0,10843984,3152304,17.168,33,20,0.789122,2913614,3029084
195,93274183,205773111,8,14,2021-03-21T06:00:00+00:00,2021-03-21T16:45:00+00:00,38699179,False,9209283,10334832,0,25167631,7807196,17.3145,65,41,0.853432,7025603,13573704
196,93443178,206064413,2,5,2021-03-22T06:06:38.497+00:00,2021-03-22T10:59:58.036+00:00,17598578,False,170151,8290384,0,15466105,4265988,17.2266,47,48,0.887407,2909733,2154148
197,93800541,206712186,3,4,2021-03-23T05:34:57.989+00:00,2021-03-23T12:36:14.556+00:00,25081422,False,180724,14508433,0,24027949,5406563,17.168,65,50,0.964951,4112953,1082860
198,94015561,207173427,1,4,2021-03-24T06:16:35.503+00:00,2021-03-24T11:21:34.87+00:00,18204198,False,82672,10631248,0,16907999,3905043,17.3438,50,63,0.933034,2371708,1315761
199,94269838,207673236,4,7,2021-03-25T05:05:14.808+00:00,2021-03-25T12:44:44.978+00:00,27569208,False,194183,12164624,0,23082717,5691497,16.875,62,67,0.843203,5226596,4519117
200,94612224,208272015,4,6,2021-03-26T06:03:00.286+00:00,2021-03-26T12:34:27.805+00:00,23309678,False,119202,12283033,0,22493641,5015769,17.0508,65,80,0.969952,5194839,841264
201,94939755,208871026,5,10,2021-03-27T09:25:07.19+00:00,2021-03-27T15:43:49.513+00:00,22342608,False,81711,6368182,0,17960054,5704956,17.4023,50,36,0.806798,5886916,4409384
202,95195516,209342957,4,15,2021-03-28T02:04:32.303+00:00,2021-03-28T15:16:48.074+00:00,46677034,False,175919,26942545,0,39795357,4085951,17.3145,100,33,0.855794,8766861,6935073
203,95411866,209743315,4,5,2021-03-29T05:42:54.852+00:00,2021-03-29T12:11:38.84+00:00,21034273,False,154770,10271301,0,19428900,4862730,16.9336,69,53,0.930525,4294869,1629581
204,95655737,210238842,3,7,2021-03-30T03:55:52.372+00:00,2021-03-30T11:03:29.552+00:00,25447616,False,187454,12702659,0,22283782,5287254,17.0508,65,49,0.882171,4293869,3191784
205,95974073,210838697,6,12,2021-03-31T04:09:40.042+00:00,2021-03-31T11:58:43.153+00:00,27889327,False,138427,14481450,0,24628543,5552878,16.7578,72,59,0.887486,4594215,3290915
206,96227189,211330107,1,9,2021-04-01T05:01:40.423+00:00,2021-04-01T11:24:18.265+00:00,22956880,False,198990,15647105,0,21010375,2480450,17.4609,62,71,0.923213,2882820,1972237
207,96548783,211905894,6,5,2021-04-02T05:29:13.949+00:00,2021-04-02T12:44:22.942+00:00,25845596,False,195144,13907793,0,24626635,5825271,16.875,75,74,0.960086,4893571,1248397
208,96853303,212465971,7,5,2021-04-03T03:32:09.694+00:00,2021-04-03T14:27:18.231+00:00,38810208,False,108628,18830675,0,34329504,6727215,16.8164,100,60,0.887031,8771614,4522005
209,97144631,213013381,4,5,2021-04-04T07:22:42.355+00:00,2021-04-04T15:43:28.847+00:00,29957091,False,197067,15525797,0,26427519,4504699,17.4609,96,45,0.888021,6397023,3562347
210,97370178,213422494,8,14,2021-04-05T02:12:49.792+00:00,2021-04-05T12:36:39.088+00:00,37428335,False,158615,15019529,0,33257803,10429161,17.5049,100,43,0.892354,7809113,4212083
211,97583673,213877112,2,12,2021-04-06T04:28:23.361+00:00,2021-04-06T10:58:42.395+00:00,23135682,False,95169,10543700,0,19611787,5733840,16.9336,65,57,0.851187,3334247,3551777
212,97877672,214445974,4,9,2021-04-07T03:57:54.064+00:00,2021-04-07T12:22:09.156+00:00,30125316,False,184571,15073439,0,27390096,7059248,17.373,82,61,0.91481,5257409,2767308
213,98235158,215089628,3,6,2021-04-08T07:46:08.219+00:00,2021-04-08T14:26:34.068+00:00,24024888,False,199951,14720171,0,20670620,2976188,17.168,63,41,0.867604,2974261,3382312
214,98453254,215534262,5,6,2021-04-09T03:29:00+00:00,2021-04-09T12:30:00+00:00,32460000,False,119201,16004226,32002,29191066,5254526,17.2559,85,54,0.902608,7932314,3270677
215,98820983,216184126,4,8,2021-04-10T06:21:55.903+00:00,2021-04-10T15:13:14.938+00:00,31803751,False,92285,18708878,0,27929079,2552666,16.9922,89,53,0.880725,6667535,3907927
216,99078300,216665578,5,9,2021-04-11T06:18:03.326+00:00,2021-04-11T17:38:41.404+00:00,40837117,False,86517,27182191,0,36324412,3702897,17.5488,100,48,0.891383,5439324,4562414
217,99324731,217117279,1,3,2021-04-12T05:06:08.026+00:00,2021-04-12T12:30:06.911+00:00,25551436,False,199951,14234970,0,23997088,3994558,17.6367,79,48,0.946575,5767560,1583348
218,99558867,217595095,6,1,2021-04-13T05:15:23.163+00:00,2021-04-13T11:54:09.036+00:00,23924911,False,185532,10032596,0,21420352,6313234,16.7871,70,59,0.902313,5074522,2531478
219,99917839,218257297,2,3,2021-04-14T07:19:47.659+00:00,2021-04-14T12:14:34.674+00:00,17686053,False,190338,8050705,0,16012863,4536467,17.1973,47,55,0.915245,3425691,1694062
220,100149434,218729654,3,5,2021-04-15T06:27:20.367+00:00,2021-04-15T12:43:37.531+00:00,22576203,False,98053,12496702,0,20362408,4082911,17.168,55,69,0.905876,3782795,2231163
221,100441940,219268075,2,8,2021-04-16T06:22:59.442+00:00,2021-04-16T11:33:39.11+00:00,18638707,False,178803,7869756,0,16946534,5233342,17.4316,50,80,0.918019,3843436,1712365
222,100828885,219990525,7,10,2021-04-17T07:34:07.61+00:00,2021-04-17T18:14:55.353+00:00,38331959,False,171111,16910888,0,29554852,5736752,17.7539,83,34,0.774481,6907212,8823595
223,101095541,220463818,6,7,2021-04-18T07:21:15.64+00:00,2021-04-18T16:48:12.311+00:00,34015710,False,163422,14641230,0,30315299,8197989,16.4648,98,50,0.895517,7476080,3739386
224,101320806,220873859,5,7,2021-04-19T02:43:52.595+00:00,2021-04-19T12:46:51.631+00:00,36006570,False,96130,19581929,0,32045907,5766595,17.5781,100,31,0.892384,6697383,4001284
225,101612013,221437785,6,9,2021-04-20T03:35:16.449+00:00,2021-04-20T12:14:48.625+00:00,31171214,False,131699,17115933,0,28421013,6234389,17.2266,100,42,0.91564,5070691,2776925
226,101916005,222023445,7,8,2021-04-21T04:09:08.637+00:00,2021-04-21T13:09:39.159+00:00,32361308,False,110550,13571870,0,29763725,7540526,16.6406,100,55,0.922885,8651329,2632519
227,102148204,222493039,2,9,2021-04-22T05:30:47.431+00:00,2021-04-22T11:32:47.116+00:00,21718724,False,100936,11023058,0,18669477,3741386,16.9336,64,61,0.863616,3905033,3077236
228,102531900,223171474,5,11,2021-04-23T06:52:59.026+00:00,2021-04-23T14:10:55.288+00:00,26160906,False,89401,13396700,0,24360990,5587521,16.9336,72,53,0.934391,5376769,1833640
229,102803106,223682349,4,1,2021-04-24T07:55:55.005+00:00,2021-04-24T14:41:09.249+00:00,23764378,False,93246,10995150,0,22977815,8048754,16.8457,71,58,0.97071,3933911,816231
230,103105110,224262006,7,6,2021-04-25T05:49:30.323+00:00,2021-04-25T17:47:46.51+00:00,43095226,False,209564,24703669,0,40866709,6160284,17.4609,100,46,0.952922,10002756,2282190
231,103364765,224710366,4,6,2021-04-26T06:57:29.184+00:00,2021-04-26T14:01:07.965+00:00,25417820,False,89401,9490667,0,23046146,7006338,17.168,77,52,0.909893,6549141,2403473
232,103558291,225137638,4,11,2021-04-27T04:39:48.03+00:00,2021-04-27T12:44:50.523+00:00,29101532,False,191299,10771793,0,25697962,9251010,17.2266,83,57,0.888888,5675159,3436259
233,103836152,225697737,5,9,2021-04-28T05:25:28.875+00:00,2021-04-28T12:34:21.999+00:00,25320725,False,150924,13782581,922,21891971,3754880,17.168,66,60,0.869771,4354510,3453605
234,104152217,226285554,7,6,2021-04-29T05:07:43.86+00:00,2021-04-29T12:44:42.147+00:00,27417326,False,0,12271434,0,24653570,7037145,17.168,72,73,0.899197,5344991,2795217
235,104478828,226869900,2,5,2021-04-30T07:53:24.685+00:00,2021-04-30T12:16:27.359+00:00,15781713,False,63446,8948733,0,14534320,2823085,16.9922,44,63,0.924677,2762502,1265737
236,104789024,227426731,6,7,2021-05-01T05:08:22.289+00:00,2021-05-01T13:39:27.859+00:00,30547330,False,97092,13818278,0,27572025,8107468,17.4023,75,73,0.905478,5646279,3012745
237,105129708,228112479,10,9,2021-05-02T08:23:03.152+00:00,2021-05-02T19:40:29.933+00:00,40645820,False,145157,21146033,0,36974087,7749428,16.9922,100,23,0.912925,8078626,3721163
238,105301778,228397859,9,14,2021-05-03T02:10:07.86+00:00,2021-05-03T15:33:16.068+00:00,48187247,False,0,24062791,0,40915810,8808646,17.6953,100,18,0.8491,8044373,7330116
239,105636044,229006030,4,7,2021-05-04T05:00:51.501+00:00,2021-05-04T12:11:29.408+00:00,25865785,False,85556,15617971,0,22853753,2745302,17.0679,79,44,0.886484,4490480,3045631
240,105871115,229495642,4,6,2021-05-05T05:35:50.018+00:00,2021-05-05T12:16:21.635+00:00,24060456,False,404708,11058186,0,21972980,5184499,17.2852,67,44,0.928864,5730295,2115766
241,106228726,230130263,3,4,2021-05-06T06:25:07.035+00:00,2021-05-06T12:14:52.283+00:00,20984287,False,114396,9462277,0,19648346,6163412,17.8711,58,54,0.941469,4022657,1361101
242,106526466,230683513,8,9,2021-05-07T04:48:27.479+00:00,2021-05-07T14:07:09.08+00:00,33520639,False,114396,16606547,0,30575630,7970232,16.9922,89,60,0.915267,5998851,2982104
243,106760249,231142581,3,7,2021-05-08T06:37:01.252+00:00,2021-05-08T15:01:22.112+00:00,30259898,False,114395,17064760,0,28474302,5300938,17.6367,96,64,0.944562,6108604,1826033
244,107138534,231793696,3,13,2021-05-09T06:58:09.276+00:00,2021-05-09T18:02:20.094+00:00,39878695,False,0,25908052,0,34856300,3216012,17.8125,100,48,0.874058,5732236,5069959
245,107371569,232209405,1,9,2021-05-10T06:11:24.187+00:00,2021-05-10T11:48:22.314+00:00,20072970,False,0,10186128,0,17838662,3680907,17.4463,65,50,0.888691,3971627,2261118
246,107742305,232885943,8,5,2021-05-11T06:16:41.4+00:00,2021-05-11T14:14:19.769+00:00,28686246,False,85556,12968958,0,25739610,8836540,17.373,76,65,0.899965,3934112,2984020
247,107946904,233322998,2,10,2021-05-12T05:25:18.491+00:00,2021-05-12T12:35:44.86+00:00,25858194,False,201874,12445344,0,21948027,3653984,17.7246,70,65,0.855463,5848699,3942762
248,108297859,233958069,4,10,2021-05-13T05:57:13.034+00:00,2021-05-13T12:41:44.015+00:00,24270019,False,0,13088327,0,22155861,4373953,17.5195,63,70,0.91289,4693581,2145611
249,108562423,234468224,3,9,2021-05-14T05:49:50.498+00:00,2021-05-14T11:53:30.243+00:00,21847623,False,143234,9181276,0,19348088,5384675,17.8271,59,82,0.891437,4782137,2527769
250,108938505,235155162,4,5,2021-05-15T11:28:58.526+00:00,2021-05-15T16:23:08.052+00:00,17648565,False,0,8342725,0,17005063,5558962,17.6953,49,21,0.963538,3103376,666109
251,109231254,235692784,3,8,2021-05-16T06:05:00+00:00,2021-05-16T16:30:00+00:00,37500000,False,86517,14465784,0,23346655,3733885,17.8125,66,50,0.624017,5146986,1447734
252,109497083,236145284,4,14,2021-05-17T05:38:57.434+00:00,2021-05-17T13:41:14.581+00:00,28965025,False,0,15254167,0,25151472,3962944,18.3984,73,56,0.868339,5934361,3849396
253,109654447,236519356,3,3,2021-05-18T02:49:22.999+00:00,2021-05-18T09:54:34.064+00:00,25538943,False,172074,15268458,0,23539965,3255459,17.7344,73,37,0.927981,5016048,2030095
254,110049024,237225293,5,9,2021-05-19T03:43:59.12+00:00,2021-05-19T12:34:35.42+00:00,31707625,False,0,17321764,0,28667716,5062202,17.5,86,44,0.904127,6283750,3079307
255,110316157,237747317,3,9,2021-05-20T05:40:00+00:00,2021-05-20T13:15:00+00:00,27300000,False,85556,15395597,0,24729832,3451850,17.3145,78,57,0.908702,5882385,2492139
256,110674254,238385668,4,10,2021-05-21T06:59:53.058+00:00,2021-05-21T13:20:46.12+00:00,22852100,False,86518,13785188,0,19753254,2895472,17.6074,58,59,0.867681,3072594,3129372
257,111006850,239024152,6,7,2021-05-22T08:36:26.522+00:00,2021-05-22T16:56:08.609+00:00,29981126,False,173035,18416223,0,26399957,2922428,17.4609,76,34,0.885664,5061306,3618369
258,111279868,239500278,3,7,2021-05-23T08:47:54.823+00:00,2021-05-23T16:09:51.411+00:00,26515627,False,143235,15458235,0,24173483,4485625,17.5781,73,55,0.916621,4229623,2375662
259,111580323,240608680,5,7,2021-05-25T04:30:00+00:00,2021-05-25T15:30:00+00:00,39600000,False,231674,26539509,0,37536027,5646479,17.4902,100,51,0.953458,5350039,2151375
260,112109585,241064386,1,4,2021-05-26T05:47:46.906+00:00,2021-05-26T12:31:11.014+00:00,23231814,False,0,15917291,0,22158688,2289995,17.6367,76,39,0.953808,3951402,1102162
261,112346459,241544193,3,5,2021-05-27T03:12:56.871+00:00,2021-05-27T10:42:14.695+00:00,26667510,False,85556,14284733,0,25102251,5429948,17.6953,76,34,0.944334,5387570,1595970
262,112727890,242205143,6,7,2021-05-28T04:29:48.22+00:00,2021-05-28T12:39:53.567+00:00,29202512,False,0,15391706,0,25492065,6339560,18.1055,72,55,0.872941,3760799,3747384
263,113036698,242764703,4,5,2021-05-29T08:41:28.4+00:00,2021-05-29T14:39:24.875+00:00,21504353,False,0,8685445,0,18405659,4656020,17.666,57,34,0.855904,5064194,3125538
264,113290666,243233535,6,17,2021-05-30T03:05:40.939+00:00,2021-05-30T14:48:41.962+00:00,42150261,False,114395,22284879,0,36008453,6295289,17.6367,100,51,0.856613,7428285,6192286
265,113452993,243575169,8,11,2021-05-31T03:23:30.867+00:00,2021-05-31T13:27:49.296+00:00,36113273,False,868057,17264905,0,32620078,9056971,17.5952,100,64,0.925518,6298202,3533667
266,113886886,244313106,3,11,2021-06-01T06:54:58.186+00:00,2021-06-01T13:23:46.127+00:00,22950149,False,173034,12501140,0,20256692,3877278,18.1641,69,56,0.889344,3878274,2723160
267,114143993,244820206,3,9,2021-06-02T04:26:01.907+00:00,2021-06-02T11:33:55.994+00:00,25471252,False,0,13169126,0,23375374,5126673,17.2778,73,69,0.917716,5079575,2121140
268,114478006,245438116,3,8,2021-06-03T05:20:20.293+00:00,2021-06-03T13:01:39.095+00:00,26834778,False,0,11719435,0,25213948,7015356,17.5195,80,67,0.9396,6479157,1651800
269,114766427,245974861,3,11,2021-06-04T06:47:30.729+00:00,2021-06-04T12:46:56.604+00:00,21593753,False,147080,12107456,0,19876459,4120793,17.8711,62,71,0.926785,3648210,1744197
270,115017404,246452071,1,6,2021-06-05T07:56:27.215+00:00,2021-06-05T12:09:49.263+00:00,15201087,False,0,8848095,0,13076744,665151,18.5156,38,70,0.860251,3563498,2144647
271,115384085,247108779,6,9,2021-06-06T05:42:32.689+00:00,2021-06-06T15:29:38.682+00:00,35225031,False,174957,18960105,0,33145768,7835462,17.8125,92,54,0.945669,6350201,2120575
272,115638718,247561622,4,11,2021-06-07T03:12:46.481+00:00,2021-06-07T12:36:45.313+00:00,33837871,False,0,16709562,0,30741115,6789082,17.8711,100,40,0.908483,7242471,3137054
273,115955424,248157116,2,10,2021-06-08T05:28:55.634+00:00,2021-06-08T12:53:36.604+00:00,26534852,False,437393,17968599,0,23306110,2832868,17.9883,82,67,0.893041,2504643,3259307
274,116176199,248622560,5,8,2021-06-09T05:52:33.399+00:00,2021-06-09T12:41:04.707+00:00,24510346,False,349914,10929210,0,22418601,6747711,18.0615,73,75,0.927906,4741680,2122496
275,116558513,249308644,4,8,2021-06-10T04:56:45.181+00:00,2021-06-10T12:59:46.545+00:00,28980403,False,345108,13623507,0,27422092,6788122,17.7368,87,80,0.957633,7010463,1592124
276,116840691,249839926,5,3,2021-06-11T07:44:57.887+00:00,2021-06-11T12:48:35.543+00:00,18217656,False,374908,8941503,0,16702818,3385387,17.5781,53,66,0.936112,4375928,1537246
277,117137737,250380488,3,10,2021-06-12T06:41:56.542+00:00,2021-06-12T13:31:24.564+00:00,24568022,False,116317,15462956,0,23233927,4433687,17.4805,68,78,0.950197,3337284,1363987
278,117424784,250912263,2,7,2021-06-13T06:13:33.975+00:00,2021-06-13T13:33:03.482+00:00,26369507,False,349914,13648553,0,23619014,4135259,17.3438,73,83,0.90774,5835202,2781885
279,117573919,251240859,6,7,2021-06-14T02:10:21.423+00:00,2021-06-14T12:44:15.382+00:00,38033959,False,173034,19151558,0,34742564,8142538,17.8125,100,51,0.917636,7448468,3333437
280,118005816,251977961,6,8,2021-06-15T03:00:19.725+00:00,2021-06-15T12:45:29.399+00:00,35109674,False,0,18464274,0,32049236,6329009,17.6953,100,66,0.912832,7255953,3102419
281,118321259,252579367,1,10,2021-06-16T06:47:14.648+00:00,2021-06-16T12:51:55.43+00:00,21880782,False,0,12460275,0,19821200,2402630,17.7539,64,62,0.905873,4958295,2085929
282,118564072,253067046,4,11,2021-06-17T03:13:14.124+00:00,2021-06-17T11:14:55.703+00:00,28901579,False,114395,16792352,0,26177597,3963944,17.6953,82,58,0.909349,5421301,2757813
283,118822506,253565584,4,6,2021-06-18T04:32:55.639+00:00,2021-06-18T10:17:43.842+00:00,20688203,False,114394,8868324,0,17833819,4703161,17.5488,58,57,0.866821,4262334,2878118
284,119239782,254284732,2,10,2021-06-19T07:26:51.642+00:00,2021-06-19T14:02:57.94+00:00,23766298,False,114395,15808620,0,21249148,2371791,18.3984,62,40,0.898412,3068737,2547973
285,119460279,254697019,7,7,2021-06-20T08:31:20.865+00:00,2021-06-20T15:56:09.524+00:00,26688659,False,403747,18243923,0,24060858,3125535,18.457,73,38,0.915387,2691400,2662533
286,119738205,255180047,4,11,2021-06-21T03:11:17.872+00:00,2021-06-21T11:31:13.413+00:00,29995541,False,200913,17849238,0,26494195,3189013,18.4766,80,34,0.889227,5455944,3533671
287,120098222,255835556,4,11,2021-06-22T03:06:39.075+00:00,2021-06-22T12:45:41.53+00:00,34742455,False,0,20582034,0,30130860,4066891,17.6367,94,49,0.867263,5481935,4654132
288,120374415,256375503,4,7,2021-06-23T04:10:02.064+00:00,2021-06-23T12:36:11.55+00:00,30369486,False,116317,14632299,0,27969892,7795983,17.4023,93,62,0.924528,5541610,2435346
289,120617083,256866489,3,6,2021-06-24T04:38:42.782+00:00,2021-06-24T11:32:44.776+00:00,24841994,False,373947,13130685,0,22844112,5533886,17.6953,76,71,0.93363,4179541,2027212
290,120926260,257433443,4,12,2021-06-25T04:14:39.857+00:00,2021-06-25T12:04:53.14+00:00,28213283,False,231674,18396029,0,25898428,3218855,17.8125,80,81,0.925552,4283544,2347746
291,121205199,257950756,3,5,2021-06-26T06:56:03.055+00:00,2021-06-26T12:19:54.835+00:00,19431780,False,115357,11277645,0,18267947,3190980,17.4609,56,65,0.945721,3799322,1188802
292,121444086,258424181,4,12,2021-06-27T05:33:00+00:00,2021-06-27T13:40:00+00:00,29220000,False,172073,17289080,0,25508648,3588547,18.2959,73,68,0.878157,4631021,3761870
293,121867096,259105793,7,16,2021-06-27T23:56:55.469+00:00,2021-06-28T12:26:34.497+00:00,44979028,False,0,25508627,0,35500253,4690658,17.6953,100,35,0.789262,5300968,9529190
294,122117539,259600032,5,7,2021-06-29T03:27:26.647+00:00,2021-06-29T11:49:06.971+00:00,30100324,False,85556,18582811,0,26747458,4111176,17.6367,89,62,0.891143,4053471,3388315
295,122255402,260043054,1,11,2021-06-30T04:45:50.305+00:00,2021-06-30T12:29:56.374+00:00,27845108,False,85556,20122930,0,23365860,693991,17.5195,75,67,0.841723,2548939,4514547
296,122756146,260785081,2,3,2021-07-01T08:34:30.018+00:00,2021-07-01T13:01:13.793+00:00,16032615,False,143234,7468722,0,13851554,3660630,17.666,40,42,0.871749,2722202,2199507
297,123078975,261369028,1,3,2021-07-02T07:44:42.277+00:00,2021-07-02T12:13:53.131+00:00,16178732,False,0,9009801,0,14339667,1159921,17.4609,38,61,0.886328,4169945,1859717
298,123384979,261944246,4,9,2021-07-03T06:54:27.623+00:00,2021-07-03T13:17:18.921+00:00,22970337,False,173995,12192122,0,20942064,3712706,17.6953,57,72,0.918659,5037236,2058019
299,123629351,262383206,5,1,2021-07-04T08:38:31.279+00:00,2021-07-04T13:49:56.129+00:00,18713689,False,172074,9411222,0,17027183,4112143,17.8711,48,73,0.918323,3503818,1710517
300,123798468,262735860,5,6,2021-07-05T05:00:54.853+00:00,2021-07-05T13:49:25.357+00:00,31738382,False,172073,16741324,0,30003869,7064435,18.1641,81,62,0.950503,6198110,1771158
301,124256420,263510084,3,11,2021-07-06T06:31:15.75+00:00,2021-07-06T13:35:07.986+00:00,24824692,False,0,11748375,0,20918981,3850361,19.0234,65,78,0.842668,5320245,3935076
302,124488917,263956518,7,13,2021-07-07T03:44:12.244+00:00,2021-07-07T12:17:07.977+00:00,30601738,False,0,14207753,0,29016797,7908623,17.4609,100,48,0.948207,6900421,1622926
303,124796303,264518934,2,9,2021-07-08T04:23:47.22+00:00,2021-07-08T12:41:59.972+00:00,29810011,False,634460,15889414,0,24981039,4663703,17.5781,84,63,0.856232,4427922,4866856
304,125096464,265054776,3,11,2021-07-09T08:41:58.636+00:00,2021-07-09T17:26:46.121+00:00,30790541,False,114395,14580286,0,23828817,2845401,17.7539,78,25,0.776787,6403130,6998955
305,125353085,265526325,3,6,2021-07-10T06:38:38.522+00:00,2021-07-10T13:17:13.82+00:00,23914337,False,0,13516673,0,22354188,4781169,17.998,69,37,0.934761,4056346,1591164
306,125720474,266167581,4,12,2021-07-11T08:11:43.627+00:00,2021-07-11T16:04:33.603+00:00,28369015,False,0,15078926,0,24900229,4345134,18.0469,72,50,0.877726,5476169,3502852
307,125826662,266418815,8,6,2021-07-12T02:44:35.749+00:00,2021-07-12T12:25:53.747+00:00,34877036,False,0,16686473,0,31235000,6869956,18.3398,89,33,0.895575,7678571,3681882
308,126135560,266982443,2,8,2021-07-13T03:05:33.142+00:00,2021-07-13T11:20:57.594+00:00,29723491,False,0,20030506,0,27324046,1851062,17.8125,88,44,0.919274,5442478,2435350
309,126632611,267819601,2,9,2021-07-14T06:27:18.823+00:00,2021-07-14T15:06:52.921+00:00,31173136,False,173035,20993073,0,28377107,1706675,17.4023,92,43,0.915388,5677359,2837717
310,126735001,268095050,4,7,2021-07-15T02:41:03.557+00:00,2021-07-15T10:34:14.685+00:00,28390166,False,0,16400602,0,25411359,5068964,17.6953,82,50,0.895076,3941793,3014823
311,127074227,268681708,2,13,2021-07-16T05:09:04.052+00:00,2021-07-16T14:46:33.263+00:00,34648250,False,143234,21986455,0,30666135,2399747,18.3398,96,50,0.888744,6279933,4025563
312,127522564,269435790,4,5,2021-07-17T09:14:56.262+00:00,2021-07-17T16:00:46.07+00:00,24348846,False,0,16953109,0,22543794,1677753,17.5781,77,32,0.925867,3912932,1835602
313,127671496,269747593,7,9,2021-07-18T03:17:57.466+00:00,2021-07-18T13:27:51.389+00:00,36391088,False,377792,17252502,0,33798441,9192716,17.2852,100,44,0.938499,7353223,2639412
314,128071207,270386917,2,9,2021-07-19T04:00:31.606+00:00,2021-07-19T12:59:45.224+00:00,32352657,False,86518,20360663,0,28591775,2605735,17.6367,100,56,0.886123,5625377,3797404
315,128369840,270941390,6,10,2021-07-20T03:27:44.773+00:00,2021-07-20T12:47:40.481+00:00,33594747,False,0,17731890,0,31496917,8548749,17.5586,100,66,0.937555,5216278,2141768
316,128669201,271500478,5,6,2021-07-21T02:40:06.738+00:00,2021-07-21T12:48:24.531+00:00,36351675,False,0,20029525,0,33121657,5066067,17.251,100,70,0.911145,8026065,3274723
317,128979033,272066103,7,12,2021-07-22T03:18:49.363+00:00,2021-07-22T12:57:41.243+00:00,34730919,False,722900,18208314,0,30338875,4689740,17.5195,100,88,0.892109,7440821,4435592
318,129209867,272521819,5,8,2021-07-23T05:46:00+00:00,2021-07-23T12:45:00+00:00,25140000,False,58641,12393338,290314,21456121,4632947,17.4609,77,69,0.855461,4429836,3447948
319,129585656,273200108,3,4,2021-07-24T07:30:55.438+00:00,2021-07-24T13:58:15.901+00:00,23239502,False,143234,13312597,0,20377033,2752039,17.8125,62,53,0.882265,4312397,2892581
320,129749181,273606549,5,8,2021-07-25T04:29:34.443+00:00,2021-07-25T13:35:04.891+00:00,32729487,False,0,18037981,0,30193539,5501163,17.9883,90,68,0.922518,6654395,2575894
321,130130379,274295456,5,8,2021-07-26T03:02:55.626+00:00,2021-07-26T12:50:51.606+00:00,35275018,False,0,19165163,0,29468698,5122874,18.457,99,66,0.835398,5180661,5850618
322,130378259,274863511,3,4,2021-07-27T03:26:47.994+00:00,2021-07-27T10:44:44.254+00:00,26304138,False,144196,14586128,0,24135947,4077506,17.3438,86,75,0.92263,5472313,2201441
323,130694690,275542112,7,6,2021-07-28T02:32:53.192+00:00,2021-07-28T12:56:11.727+00:00,37368735,False,0,22038419,0,34399985,5623437,17.8125,100,69,0.920555,6738129,3014819
324,131081926,276311480,2,9,2021-07-29T05:27:32.417+00:00,2021-07-29T12:20:59.806+00:00,24806427,False,114395,13258667,0,22198244,3470128,17.9883,75,63,0.899004,5469449,2637493
325,131305500,276847696,5,10,2021-07-30T03:46:53.497+00:00,2021-07-30T12:06:12.508+00:00,29958049,False,0,16034749,0,27848617,5964217,17.8711,85,77,0.929587,5849651,2145605
326,131681451,277613848,7,4,2021-07-31T05:53:34.117+00:00,2021-07-31T13:34:42.342+00:00,27638425,False,0,11815760,0,23767281,6741986,17.7539,80,64,0.859936,5209535,3905232
327,131895268,278194010,9,19,2021-08-01T01:27:48.008+00:00,2021-08-01T13:15:19.146+00:00,42450177,False,0,23962639,0,35683056,5539657,17.8125,100,55,0.840587,6180760,6817030
328,132237188,278925075,3,6,2021-08-02T05:38:55.393+00:00,2021-08-02T13:08:23.789+00:00,26938596,False,114395,13398305,0,24973420,5670581,17.8711,87,70,0.931003,5904534,1997378
329,132645539,279812850,6,12,2021-08-03T03:33:07.224+00:00,2021-08-03T12:21:34.844+00:00,31301950,False,114395,17343899,0,28522443,4834133,17.8125,88,72,0.914546,6344411,2817486
330,132999781,280679630,5,9,2021-08-04T03:12:00+00:00,2021-08-04T12:25:00+00:00,33180000,False,202836,17424795,0,27985367,4543427,17.7246,90,74,0.848629,6017145,5268235
331,133339915,281545258,3,9,2021-08-05T06:30:00+00:00,2021-08-05T13:00:00+00:00,23400000,False,173035,13304881,0,19618475,2431467,18.1641,64,62,0.844642,3882127,3827254
332,133570074,282219205,3,7,2021-08-06T02:54:28.604+00:00,2021-08-06T12:25:36.259+00:00,34266694,False,0,20665838,0,32745360,5996925,17.9834,94,72,0.955603,6082597,1563232
333,133993635,283184031,2,4,2021-08-07T07:54:21.437+00:00,2021-08-07T13:57:45.713+00:00,21339005,False,0,14196214,0,20051649,1682599,17.854,67,49,0.939671,4172836,1309116
334,134195639,283810457,4,15,2021-08-08T06:47:00+00:00,2021-08-08T14:00:00+00:00,25980000,False,202835,12946764,0,21261610,3650139,18.3984,65,68,0.824823,4664707,4774442
335,134470594,284530671,5,4,2021-08-09T02:46:53.892+00:00,2021-08-09T11:34:18.068+00:00,31440380,False,0,14644809,0,28378034,8549677,17.5195,88,54,0.902598,5183548,3101465
336,134942304,285628536,4,12,2021-08-10T02:21:06.646+00:00,2021-08-10T11:47:21.982+00:00,33974375,False,174957,17166812,0,30532304,6809317,17.1094,100,53,0.903338,6556175,3480718
337,135160065,286372159,3,12,2021-08-11T02:52:46.177+00:00,2021-08-11T11:23:00.797+00:00,30613658,False,116318,17476713,0,27958334,5789966,17.4414,97,69,0.916747,4691655,2695252
338,135553692,287384142,6,4,2021-08-12T03:39:10.166+00:00,2021-08-12T10:28:26.652+00:00,24555525,False,0,12297976,0,23891370,6724623,17.4902,82,75,0.972953,4868771,694033
339,135869456,288277724,5,6,2021-08-13T06:54:00+00:00,2021-08-13T12:30:00+00:00,20160000,False,0,7156869,0,12722543,2234157,17.3438,41,46,0.631079,3331517,7480223
340,136173406,289046973,3,15,2021-08-14T03:15:42.812+00:00,2021-08-14T12:28:32.575+00:00,33168802,False,0,20692716,0,30084684,2865633,17.5195,85,70,0.907018,6526335,3127455
341,136483340,289753263,4,7,2021-08-15T03:17:08.419+00:00,2021-08-15T13:44:05.168+00:00,37615788,False,752701,20779395,0,33314198,7237666,17.6953,100,67,0.903728,5297137,4347054
342,136845988,290491538,2,5,2021-08-16T03:18:00+00:00,2021-08-16T11:45:00+00:00,30420000,False,85556,19087191,0,27198922,2374703,17.5781,99,73,0.896635,5737028,3275645
343,137308130,291435792,2,11,2021-08-17T06:24:00+00:00,2021-08-17T13:00:00+00:00,23760000,False,86517,12747567,0,18054315,2086894,18.252,58,59,0.762639,3219854,5765867
344,137616817,291987259,6,8,2021-08-18T06:36:00+00:00,2021-08-18T13:45:00+00:00,25740000,False,520065,12551182,0,22770046,5584950,18.2227,63,66,0.902859,4633914,3010944
345,137936899,292522369,6,8,2021-08-19T02:47:36.74+00:00,2021-08-19T12:46:52.358+00:00,35983495,False,116318,18929282,0,32778017,4921684,17.5488,92,60,0.913872,8927051,3247767
346,138433062,293380230,6,11,2021-08-20T03:53:36.343+00:00,2021-08-20T11:55:19.844+00:00,28902540,False,0,14813272,0,25402735,4917873,17.3486,80,71,0.87891,5671590,3535591
347,138663466,293686551,1,6,2021-08-21T09:57:24.645+00:00,2021-08-21T13:03:06.148+00:00,11169381,False,114395,6431009,0,10371850,1363026,17.8711,33,39,0.938206,2577815,809542
348,139033324,294295258,2,6,2021-08-22T10:05:17.598+00:00,2021-08-22T14:04:51.963+00:00,14373404,False,0,7795039,0,11845573,1851019,18.5742,39,34,0.824131,2199515,2546054
349,139335931,294580259,3,7,2021-08-23T03:27:01.616+00:00,2021-08-23T13:13:48.382+00:00,34802057,False,144196,18093773,0,31336082,7476409,17.666,100,34,0.904155,5765900,3507669
350,139585031,295189587,6,16,2021-08-24T03:08:55.34+00:00,2021-08-24T11:58:07.181+00:00,31779719,False,0,14893178,0,27843801,7509107,17.5781,100,44,0.87615,5441516,3976457
351,139973302,295819906,3,4,2021-08-25T06:29:33.828+00:00,2021-08-25T12:32:39.841+00:00,21813891,False,0,13474271,0,20158504,3474953,17.5781,69,46,0.924113,3209280,1681641
352,140317044,296390265,8,12,2021-08-26T04:22:37.44+00:00,2021-08-26T12:21:58.668+00:00,28789106,False,0,12809182,0,25807007,6369422,17.8711,77,64,0.896416,6628403,3014834
353,140688078,296982016,2,11,2021-08-27T03:10:39.261+00:00,2021-08-27T11:57:47.093+00:00,31626871,False,0,17944604,0,27204684,2285156,17.6953,82,74,0.860176,6974924,4460628
354,141049442,297560887,4,12,2021-08-28T04:30:57.299+00:00,2021-08-28T13:18:14.744+00:00,31636484,False,0,17201418,0,29852729,5815971,17.3438,97,74,0.943617,6835340,1823150
355,141372975,298097339,2,10,2021-08-29T06:45:31.271+00:00,2021-08-29T15:05:45.078+00:00,30012845,False,0,20871798,0,27442439,1416936,17.4609,94,50,0.914356,5153705,2608624
356,141589539,298469653,4,12,2021-08-30T03:14:38.614+00:00,2021-08-30T13:05:16.091+00:00,35436516,False,721938,20437665,0,31924249,4487584,17.561,100,56,0.919621,6999000,3559664
357,142044869,299164555,4,14,2021-08-31T04:32:49.766+00:00,2021-08-31T13:06:05.111+00:00,30794384,False,0,19137226,0,28056586,3213134,17.4121,93,73,0.911094,5706226,2776107
358,142387096,299738013,3,11,2021-09-01T05:30:00+00:00,2021-09-01T14:30:00+00:00,32400000,False,201873,16659474,0,24510351,2867550,17.6953,80,70,0.761235,4983327,7976922
359,142614460,300158736,5,9,2021-09-02T03:23:08.097+00:00,2021-09-02T11:49:46.425+00:00,30106092,False,173035,16111761,0,26661682,3686702,17.1094,85,69,0.89071,6863219,3480719
360,143037640,300810184,4,12,2021-09-03T04:48:09.723+00:00,2021-09-03T11:18:05.917+00:00,23395232,False,0,12347088,0,20938180,4510662,18.0762,70,66,0.894976,4080430,2487340
361,143334221,301310237,2,8,2021-09-04T04:53:59.714+00:00,2021-09-04T11:26:37.407+00:00,23236618,False,0,15618948,0,21816053,3417193,17.3438,63,73,0.938865,2779912,1450623
362,143728205,301930238,3,11,2021-09-05T07:33:16.867+00:00,2021-09-05T14:17:52.655+00:00,24274827,False,0,11730061,0,20416470,1882824,17.8804,57,45,0.841055,6803585,3885964
363,144020609,302394576,8,14,2021-09-06T04:07:03.926+00:00,2021-09-06T13:59:04.077+00:00,35461512,False,200913,18036046,0,31613308,7176056,17.5781,94,61,0.896562,6401206,3893659
364,144264870,302837691,5,7,2021-09-07T02:20:48.557+00:00,2021-09-07T12:29:28.461+00:00,36547781,False,0,21998993,0,34360584,6281869,17.6953,100,54,0.940155,6079722,2229362
365,144659491,303455796,3,20,2021-09-08T02:47:02.197+00:00,2021-09-08T13:02:40.267+00:00,36937109,False,0,23795136,0,33826277,4209396,17.2656,100,68,0.91578,5821745,3156333
366,144940439,303946660,4,11,2021-09-09T02:00:43.058+00:00,2021-09-09T12:14:34.495+00:00,36686280,False,0,23050084,0,32845375,2894510,17.3438,100,74,0.895304,6900781,3883097
367,145421879,304654552,4,10,2021-09-10T04:37:41.615+00:00,2021-09-10T12:56:31.785+00:00,29725412,False,345107,16730746,0,25883075,3126510,17.2852,91,68,0.880967,6025819,3876353
368,145752849,305191273,5,3,2021-09-11T06:42:22.453+00:00,2021-09-11T14:30:53.839+00:00,27936429,False,0,12729223,0,25510499,4894790,18.0469,81,47,0.913162,7886486,2459415
369,145968984,305606226,5,17,2021-09-12T04:56:05.198+00:00,2021-09-12T12:45:46.76+00:00,28180601,False,0,15467841,0,24045436,4316222,17.8882,80,63,0.853262,4261373,4171863
370,146355332,306173832,7,13,2021-09-13T04:06:20.31+00:00,2021-09-13T13:15:50.12+00:00,32997688,False,520065,17078229,0,27736022,3706938,17.8711,87,73,0.854004,6950855,5302899
371,146631493,306653180,4,10,2021-09-14T02:30:14.399+00:00,2021-09-14T11:32:53.733+00:00,32558373,False,0,18197716,0,29207777,3849365,17.5708,98,65,0.89709,7160696,3392157
372,147121340,307398598,2,9,2021-09-15T03:00:26.442+00:00,2021-09-15T11:32:24.883+00:00,30571361,False,172074,20623432,0,26991933,1505494,17.7539,89,66,0.887913,4863007,3618377
373,147431759,307922283,2,6,2021-09-16T06:00:50.756+00:00,2021-09-16T12:30:07.537+00:00,23355820,False,316269,12172842,0,19069793,1973302,17.7295,59,58,0.827698,4923649,4316248
374,147841432,308569715,6,18,2021-09-17T03:07:10.217+00:00,2021-09-17T13:32:36.602+00:00,37323550,False,0,17998426,0,32260072,5824578,16.8164,97,68,0.864336,8437068,5099800
375,148135510,309053144,7,12,2021-09-18T04:16:00+00:00,2021-09-18T13:30:00+00:00,33240000,False,374908,17214934,0,28058501,4347054,17.4023,92,73,0.853748,6496513,5243193
376,148508358,309665022,3,10,2021-09-19T09:04:05.196+00:00,2021-09-19T15:46:03.33+00:00,23770142,False,116318,12238347,0,19741743,2521018,18.0469,67,32,0.834611,4982378,4056347
377,148672880,309951568,7,10,2021-09-20T01:04:26.659+00:00,2021-09-20T13:03:59.739+00:00,43172118,False,0,22291599,0,37487025,7754610,17.2852,100,32,0.868316,7440816,5738002
378,149023044,310516893,4,15,2021-09-21T04:10:00+00:00,2021-09-21T12:45:00+00:00,30900000,False,202835,17614371,0,27583860,3533631,17.3315,96,56,0.89858,6435858,3394090
379,149371792,311093129,6,10,2021-09-22T03:17:37.939+00:00,2021-09-22T12:44:49.031+00:00,34058969,False,202835,16393856,0,29632306,7413819,17.5195,94,62,0.875242,5824631,4468327
380,149790878,311747153,2,9,2021-09-23T03:42:00+00:00,2021-09-23T12:00:00+00:00,29880000,False,144196,16855897,0,25486459,3214085,17.4023,86,75,0.857097,5416477,4437492
381,150098912,312255445,4,7,2021-09-24T07:03:00+00:00,2021-09-24T14:00:00+00:00,25020000,False,86518,13259677,0,20500271,2433430,17.3438,69,47,0.822198,4807164,4580017
