,cycle_id,workout_id,duration,distance,altitudeGain,altitudeChange,average_hr,cumulative_strain,time_upper_bound,time_lower_bound,kilojoules,strain_score,sport_id,source,time_hr_zone_0,time_hr_zone_1,time_hr_zone_2,time_hr_zone_3,time_hr_zone_4,time_hr_zone_5
0,48601077,113314011,0 days 00:00:48.129233,,,,151,13.5023,2020-09-09T21:34:42.789+00:00,2020-09-09T20:46:35.035+00:00,2654.97,13.5023119620075,0,auto,0,30800,381638,516218,1949524,9613
1,48760188,113722931,0 days 00:00:52.599300,,,,134,12.9681,2020-09-10T22:29:38.135+00:00,2020-09-10T21:37:02.177+00:00,2299.27,12.9681109352467,0,auto,567169,69213,781578,357604,1380432,0
2,49500467,115270996,0 days 00:00:42.617717,,,,157,13.7162,2020-09-14T21:38:15.379+00:00,2020-09-14T20:55:38.316+00:00,2572.98,13.7162176158726,0,auto,21184,9613,115355,251862,2159087,0
3,49691654,115702580,0 days 00:00:48.786117,,,,150,13.9661,2020-09-15T22:22:24.726+00:00,2020-09-15T21:33:37.559+00:00,2641.44,13.9661040180139,0,auto,16343,319191,340300,165346,2042767,43259
4,50090549,116525645,0 days 00:00:41.448167,,,,159,14.1102,2020-09-17T22:47:32.054+00:00,2020-09-17T22:06:05.164+00:00,2599.39,14.1101730642018,0,auto,20226,9613,92285,316269,2037000,11536
5,51255681,118925742,0 days 00:00:45.492500,,,,146,12.6571,2020-09-23T22:08:26.773+00:00,2020-09-23T21:22:57.223+00:00,2241.16,12.6571305589512,0,user,0,81712,595045,519144,1519818,14420
6,52250156,120868270,0 days 00:00:42.516100,,,,150,12.6398,2020-09-28T17:42:03.212+00:00,2020-09-28T16:59:32.246+00:00,2208.15,12.6397891095861,0,user,0,0,397980,793075,1074775,284546
7,52622412,121749087,0 days 00:01:09,172.004559640592,7.95713,0.547443,107,7.3761,2020-09-30T21:17:00+00:00,2020-09-30T20:08:00+00:00,1364.18,7.37610044835013,48,user,1347785,960341,1167023,593123,72098,0
8,52813986,122191257,0 days 00:00:31,6261.73720125878,109.003,-12.1,167,13.7732,2020-10-01T23:11:00+00:00,2020-10-01T22:40:00+00:00,2139.78,13.773234028665,0,user,0,0,10575,112471,1254541,481611
9,53001362,122543158,0 days 00:00:37,264.233781165077,16.0484,-4.19093,110,5.6208,2020-10-02T18:55:00+00:00,2020-10-02T18:18:00+00:00,693.708,5.62082084116947,48,user,392212,897857,702750,226867,0,0
10,53698357,124201597,0 days 00:01:01,1954.64322060352,62.2179,-53.2241,111,7.8147,2020-10-06T21:16:00+00:00,2020-10-06T20:15:00+00:00,1317.59,7.81473624549587,48,user,928658,924770,1169905,404709,232636,0
11,53995706,124665625,0 days 00:00:34.834500,6454.67143138037,114.978,-5.8602,163,14.0837,2020-10-07T23:24:14.342+00:00,2020-10-07T22:49:24.272+00:00,2302.11,14.0837244394483,0,user,3884,44219,121125,58640,1746686,115358
12,54203044,125079099,0 days 00:00:32.578700,6372.23379521182,142.091,-14.8638,159,13.0281,2020-10-08T22:57:37.207+00:00,2020-10-08T22:25:02.485+00:00,2036.32,13.028094806393,0,user,0,1923,107666,280739,1516935,47104
13,54375086,125501175,0 days 00:01:08,,,,112,7.9348,2020-10-09T21:15:00+00:00,2020-10-09T20:07:00+00:00,1406.4,7.93475922795974,48,user,778695,1490980,894010,744048,170151,1923
14,55151651,127120917,0 days 00:00:51,,,,121,8.984,2020-10-13T22:01:00+00:00,2020-10-13T21:10:00+00:00,1529.61,8.98396649156379,48,user,447046,471039,1081464,725783,334534,0
15,55390116,127560160,0 days 00:00:33.238583,6239.2017625352,131.397,-10.8537,156,12.8306,2020-10-14T23:00:36.028+00:00,2020-10-14T22:27:21.713+00:00,1995.63,12.8306216518893,0,user,0,45181,94208,330726,1508284,15381
16,55786993,128387908,0 days 00:00:39,3702.43128645226,85.8855,-49.5018,148,14.7697,2020-10-16T22:39:00+00:00,2020-10-16T22:00:00+00:00,2185.49,13.4031827773369,0,user,345146,8652,67290,238402,1666900,13458
17,55786993,128374903,0 days 00:00:28,,,,140,8.6711,2020-10-16T21:15:00+00:00,2020-10-16T20:47:00+00:00,1271.42,8.67111329532271,48,user,0,0,534522,708479,436434,0
18,56240578,129586517,0 days 00:00:22.406667,4408.64981539598,85.9383,-52.9669,156,10.9616,2020-10-19T22:04:33.618+00:00,2020-10-19T21:42:09.218+00:00,1353.74,10.9615999269435,0,user,0,0,115355,248979,977683,1923
19,56550523,130019186,0 days 00:00:58.176217,11082.150309302,191.746,-26.9797,159,15.8744,2020-10-20T21:52:25.34+00:00,2020-10-20T20:54:14.767+00:00,3660.34,15.8744061263084,0,user,0,3845,345106,337457,2691645,112474
20,56801204,130484926,0 days 00:01:00,,,,112,7.2893,2020-10-21T21:15:00+00:00,2020-10-21T20:15:00+00:00,1253.87,7.28930319585446,48,user,723898,1167985,1036283,632538,39413,0
21,57153381,131305680,0 days 00:00:46,,,,140,10.8978,2020-10-23T18:29:00+00:00,2020-10-23T17:43:00+00:00,2080.72,10.897796788419,48,user,0,14458,635423,1479442,630617,0
22,57410363,131714293,0 days 00:00:37.859317,,,,143,10.9233,2020-10-24T20:22:21.448+00:00,2020-10-24T19:44:29.889+00:00,1809.36,10.9233440537339,0,auto,22148,37492,370101,932463,909394,0
23,57784888,132480458,0 days 00:00:30.149367,5483.35289425937,107.866,-57.1004,149,10.9757,2020-10-26T19:57:30.416+00:00,2020-10-26T19:27:21.454+00:00,1616.83,10.9756996674576,0,user,0,0,279740,521024,1007485,0
24,57973167,132960584,0 days 00:01:19.338433,,,,120,10.0644,2020-10-27T23:01:41.934+00:00,2020-10-27T21:42:21.628+00:00,2159.66,10.064371049702,48,user,570089,1070893,1574615,1314098,230714,0
25,58111940,133391176,0 days 00:00:39.653733,,,,149,13.1886,2020-10-28T22:40:48.692+00:00,2020-10-28T22:01:09.468+00:00,2124.75,13.1886208223081,0,auto,45181,284583,234558,311463,1503477,0
26,58635808,134235455,0 days 00:01:14.743050,,,,128,11.1049,2020-10-30T23:21:56.379+00:00,2020-10-30T22:07:11.796+00:00,2485.75,11.1048954538117,48,user,29800,745971,1741920,1540006,427779,0
27,59459843,135879847,0 days 00:01:44.944883,,,,101,6.6945,2020-11-03T22:51:00.41+00:00,2020-11-03T21:06:03.717+00:00,1382.0,6.69452059186466,48,user,2184118,2555143,1231429,325880,0,0
28,59614619,136289319,0 days 00:01:00.103750,,,,159,16.1577,2020-11-04T22:02:05.946+00:00,2020-11-04T21:01:59.721+00:00,3826.53,16.1577351336648,0,user,0,0,312424,343225,2766629,184569
29,59817968,136726536,0 days 00:00:10.007017,,,,148,6.8027,2020-11-05T22:30:05.917+00:00,2020-11-05T22:20:05.496+00:00,523.889,6.80271247932595,0,user,0,49988,77866,157654,307655,6729
30,60041654,137125092,0 days 00:01:06,,,,121,9.5311,2020-11-06T20:21:00+00:00,2020-11-06T19:15:00+00:00,1898.94,9.53112663095756,48,user,474921,739242,1531357,897855,317230,0
31,60896530,138862691,0 days 00:01:22.874567,,,,120,9.8566,2020-11-10T23:38:12.806+00:00,2020-11-10T22:15:20.332+00:00,2206.12,9.85658633109189,48,user,123047,1645790,2032181,1050715,121124,0
32,61060247,139297195,0 days 00:00:48.034467,,,,142,13.5447,2020-11-11T23:07:57.469+00:00,2020-11-11T22:19:55.401+00:00,2313.5,13.5447208469597,0,user,141310,731553,61524,291275,1656363,0
33,61238471,139713603,0 days 00:00:47,,,,154,14.7675,2020-11-12T22:32:00+00:00,2020-11-12T21:45:00+00:00,2792.02,14.7675413738311,0,user,165383,34607,223983,597928,1046857,751742
34,61503530,140134280,0 days 00:01:00.401117,,,,120,8.207,2020-11-13T22:31:39.181+00:00,2020-11-13T21:31:15.114+00:00,1591.34,8.20700818425639,48,user,30761,1015176,2008159,499878,70176,0
35,62294693,141896128,0 days 00:01:15,,,,113,7.7926,2020-11-17T23:45:00+00:00,2020-11-17T22:30:00+00:00,1566.19,7.79262220023198,48,user,721938,1195898,2108137,396057,77866,0
36,62508313,142210590,0 days 00:00:36.748200,,,,145,12.2576,2020-11-18T20:05:32.063+00:00,2020-11-18T19:28:47.171+00:00,1847.48,12.2576062934939,0,user,131700,257628,166306,271125,1378508,0
37,62720090,142662387,0 days 00:00:33.227550,,,,127,8.6228,2020-11-19T22:07:10.66+00:00,2020-11-19T21:33:57.007+00:00,1150.4,8.62276388328921,0,user,227829,444161,277816,557555,486420,0
38,62928671,143092883,0 days 00:01:22.150150,,,,103,6.0949,2020-11-20T22:33:48.234+00:00,2020-11-20T21:11:39.225+00:00,1116.88,6.09491051061279,48,user,1420846,1943748,1437153,126890,0,0
39,63658961,144326989,0 days 00:00:20.254700,,,,140,7.6064,2020-11-23T22:10:27.642+00:00,2020-11-23T21:50:12.36+00:00,911.088,7.6063822852838,0,user,44258,60566,31719,844978,210531,23072
40,63761070,144784568,0 days 00:01:03.708217,,,,108,6.3171,2020-11-24T23:47:21.641+00:00,2020-11-24T22:43:39.148+00:00,1065.2,6.31711925469753,48,user,619082,1522740,1418885,262432,0,0
41,64027653,145176419,0 days 00:00:46.325417,,,,113,8.4552,2020-11-25T20:57:38.241+00:00,2020-11-25T20:11:18.716+00:00,1164.03,8.45522532685928,0,user,919966,512414,518143,355683,472958,0
42,64386085,146013315,0 days 00:01:10.398683,,,,109,6.9362,2020-11-27T22:29:13.757+00:00,2020-11-27T21:18:49.836+00:00,1224.03,6.93615767822976,48,user,488343,2053375,1271809,354720,55755,0
43,65021458,147194789,0 days 00:00:28,,,,139,8.7861,2020-11-30T20:43:00+00:00,2020-11-30T20:15:00+00:00,1264.44,8.78614304645757,0,user,0,67291,326844,855599,430661,0
44,65222129,147670668,0 days 00:01:17.875167,,,,108,6.9502,2020-12-02T00:04:45.968+00:00,2020-12-01T22:46:53.458+00:00,1310.01,6.95022482188549,48,user,698869,2305243,1387156,281664,0,0
45,65644817,148499209,0 days 00:00:45,,,,151,13.3821,2020-12-03T20:40:00+00:00,2020-12-03T19:55:00+00:00,2526.95,13.3821101313441,0,user,0,86556,194185,812304,1503472,102859
46,65890370,148905350,0 days 00:01:29.823250,,,,107,7.6343,2020-12-04T19:33:22.871+00:00,2020-12-04T18:03:33.476+00:00,1540.13,7.63429121260582,48,user,1162253,2513810,1118952,595047,0,0
47,66323354,149765259,0 days 00:00:48.737250,,,,138,11.7462,2020-12-06T21:08:40.987+00:00,2020-12-06T20:19:56.752+00:00,2164.13,11.7462303319124,0,user,6729,184570,860369,912273,960379,0
48,66735239,150659474,0 days 00:01:03.916400,,,,108,7.3123,2020-12-08T22:28:39.448+00:00,2020-12-08T21:24:44.464+00:00,1249.84,7.3122783296446,48,user,1118033,1117036,911312,575821,113434,0
49,67139253,151565461,0 days 00:00:22.190067,,,,131,7.8927,2020-12-10T22:29:00.494+00:00,2020-12-10T22:06:49.09+00:00,840.737,7.89265674843054,0,auto,90362,210525,375909,324918,223023,106705
50,67395621,152001598,0 days 00:01:12,,,,107,6.8505,2020-12-11T22:42:00+00:00,2020-12-11T21:30:00+00:00,1303.63,6.85051750797606,48,user,1044976,1279490,1709200,286467,0,0
51,68216926,153720398,0 days 00:00:38.853250,,,,136,10.0754,2020-12-15T22:09:24.01+00:00,2020-12-15T21:30:32.815+00:00,1604.85,10.0753611423517,0,user,0,198991,882472,634500,615234,0
52,68706488,154671692,0 days 00:00:51.766167,,,,124,12.2992,2020-12-18T03:58:15.088+00:00,2020-12-18T03:06:29.118+00:00,1526.65,8.2673890609168,-1,auto,0,653724,1584228,868056,0,0
53,68706488,154630274,0 days 00:01:20.118550,,,,120,9.6005,2020-12-18T00:10:24.4+00:00,2020-12-17T22:50:17.287+00:00,2210.54,9.60054109119067,48,user,560438,565249,2448476,1117032,115356,0
54,69408323,155828814,0 days 00:01:10.795883,,,,115,7.9648,2020-12-20T18:31:03.571+00:00,2020-12-20T17:20:15.818+00:00,1530.02,7.96478055259788,48,user,230714,1593874,1872620,436432,114395,0
55,69795036,156765736,0 days 00:01:13.833867,,,,125,12.9426,2020-12-22T22:25:38.239+00:00,2020-12-22T21:11:48.207+00:00,2230.57,10.3829853740916,48,user,115354,686368,2361961,968035,249938,49026
56,69795036,156702074,0 days 00:00:59.104050,,,,124,8.7485,2020-12-22T17:37:36.626+00:00,2020-12-22T16:38:30.383+00:00,1730.33,8.74854976069451,-1,auto,11574,1094923,910354,1529431,0,0
57,70051215,157194677,0 days 00:00:40.968133,,,,154,13.3275,2020-12-23T21:17:12.471+00:00,2020-12-23T20:36:14.383+00:00,2356.75,13.3274559545082,0,user,0,113434,111549,464308,1686123,82673
58,70641679,158390915,0 days 00:01:26.993083,,,,111,7.8046,2020-12-26T19:09:41.442+00:00,2020-12-26T17:42:41.857+00:00,1677.26,7.80461212768408,48,user,756544,1747687,2142744,572936,0,0
59,71274582,159838634,0 days 00:01:25.491067,,,,106,6.9834,2020-12-29T21:20:56.25+00:00,2020-12-29T19:55:26.786+00:00,1389.56,6.98335661049277,48,user,1132453,1845698,1909149,230713,11536,0
60,71793324,160793624,0 days 00:01:27.878483,,,,110,7.8612,2020-12-31T20:17:47.566+00:00,2020-12-31T18:49:54.857+00:00,1650.76,7.86123498443705,48,user,1092039,1822631,1685206,592161,80747,0
61,72972125,163272422,0 days 00:00:17.034283,,,,129,6.0022,2021-01-05T23:52:28.215+00:00,2021-01-05T23:35:26.158+00:00,597.931,6.00217921544375,48,user,961,217255,271126,500840,32683,0
62,74018291,165237164,0 days 00:01:09,,,,121,8.9061,2021-01-09T19:09:00+00:00,2021-01-09T18:00:00+00:00,1958.88,8.90609324421061,48,user,135544,681563,2496545,807490,19226,0
63,74452702,166275781,0 days 00:00:27.666217,,,,154,11.9499,2021-01-11T21:27:25.244+00:00,2021-01-11T20:59:45.271+00:00,1619.93,11.9498859792427,0,user,0,135544,74021,228829,1210277,10575
64,74690485,166861757,0 days 00:01:05.083050,,,,119,8.3513,2021-01-12T23:51:45.288+00:00,2021-01-12T22:46:40.305+00:00,1732.96,8.3512939808298,48,user,116318,785384,2410062,546061,47103,0
65,75195477,167918606,0 days 00:00:42,,,,137,13.062,2021-01-14T22:47:00+00:00,2021-01-14T22:05:00+00:00,1994.74,13.0619734780668,0,user,427819,309539,83634,493149,844980,360492
66,75435410,168407707,0 days 00:00:44.908850,,,,145,12.9173,2021-01-15T19:47:18.254+00:00,2021-01-15T19:02:23.723+00:00,2289.25,12.9173497213591,0,auto,0,397057,339339,152848,1805326,0
67,75738224,168929912,0 days 00:01:56.526483,,,,119,11.5363,2021-01-16T19:45:51.885+00:00,2021-01-16T17:49:20.296+00:00,3164.88,11.5363042798906,48,user,583515,1851502,2752210,1781292,23071,0
68,76225448,169985551,0 days 00:00:30.856133,,,,151,12.0079,2021-01-18T21:08:34.479+00:00,2021-01-18T20:37:43.111+00:00,1756.31,12.0078998710016,0,user,10574,113433,26916,558556,1121839,20187
69,76401811,170591199,0 days 00:00:30,,,,116,6.1694,2021-01-20T00:15:00+00:00,2021-01-19T23:45:00+00:00,754.942,6.1694432842454,71,user,255706,507606,636382,386444,14420,0
70,76713488,171145252,0 days 00:01:40,,,,120,11.1128,2021-01-21T00:15:00+00:00,2021-01-20T22:35:00+00:00,2982.74,11.1128211382095,48,user,569091,634458,3401094,1313173,82673,0
71,77162856,172174366,0 days 00:00:26.720483,,,,153,11.9803,2021-01-22T22:20:18.122+00:00,2021-01-22T21:53:34.893+00:00,1560.98,11.9803345644376,0,user,0,111510,191300,137466,1136298,26917
72,77535066,172695875,0 days 00:00:29.069750,,,,152,11.6558,2021-01-23T21:29:48.771+00:00,2021-01-23T21:00:44.586+00:00,1686.21,11.6557813560835,0,user,0,23071,119240,463348,1122802,16342
73,77741057,173158477,0 days 00:01:13.365750,,,,120,9.6939,2021-01-24T19:25:37.99+00:00,2021-01-24T18:12:16.045+00:00,2091.88,9.69386970935408,48,user,99014,1161253,2065876,993989,81711,0
74,77949339,173739630,0 days 00:00:30.343267,,,,139,13.8522,2021-01-25T23:11:09.222+00:00,2021-01-25T22:40:48.626+00:00,1374.71,9.42168565141139,96,user,0,121165,542173,547941,609468,0
75,77949339,173674358,0 days 00:00:29.460117,,,,151,11.7256,2021-01-25T19:24:07.688+00:00,2021-01-25T18:54:40.081+00:00,1690.6,11.7256444546434,0,user,28878,13459,127853,440277,1157408,0
76,78174236,174206585,0 days 00:00:28.900617,,,,161,13.1441,2021-01-26T17:34:44.881+00:00,2021-01-26T17:05:50.844+00:00,1909.14,13.1440720528683,0,user,0,0,39453,320114,1374662,0
77,78440193,174881655,0 days 00:01:12.431667,,,,121,9.2815,2021-01-27T23:58:22.738+00:00,2021-01-27T22:45:56.838+00:00,2165.81,9.28146099094246,48,user,32684,581626,3298230,432585,0,0
78,78663659,175448750,0 days 00:00:40,,,,139,15.0811,2021-01-29T01:57:00+00:00,2021-01-29T01:17:00+00:00,1825.25,11.07543190585,96,user,13458,156732,775849,635419,818069,0
79,78663659,175392515,0 days 00:00:30.483917,,,,155,12.7405,2021-01-28T22:35:13.937+00:00,2021-01-28T22:04:44.902+00:00,1843.5,12.7404790378329,0,user,0,85556,140351,370139,1233352,0
80,78972826,175924066,0 days 00:00:29.028300,,,,149,11.2347,2021-01-29T22:40:33.671+00:00,2021-01-29T22:11:31.973+00:00,1598.96,11.2347407186605,0,user,0,9613,291275,413400,1026670,0
81,79270167,176472721,0 days 00:00:39.289200,,,,137,11.8019,2021-01-30T22:42:25.008+00:00,2021-01-30T22:03:07.656+00:00,1803.76,11.8018572904256,0,user,199950,368218,143234,570051,1075700,0
82,79503240,176953227,0 days 00:01:38.744517,,,,120,11.3326,2021-01-31T21:00:03.932+00:00,2021-01-31T19:21:19.261+00:00,2889.3,11.332586066768,48,user,306656,1465064,2639737,1343903,169186,0
83,79671100,177484774,0 days 00:00:27.311850,,,,155,11.7649,2021-02-01T21:21:42.334+00:00,2021-02-01T20:54:23.623+00:00,1646.79,11.7649335045751,0,user,0,7691,147079,213448,1270843,0
84,80275626,178643465,0 days 00:00:30.365950,,,,148,11.5351,2021-02-03T23:02:23.346+00:00,2021-02-03T22:32:01.389+00:00,1644.71,11.5351493308424,0,user,0,87517,239365,529680,966107,0
85,80500562,179213410,0 days 00:01:05.472367,,,,129,11.5749,2021-02-04T23:52:36.127+00:00,2021-02-04T22:47:07.785+00:00,2462.89,11.5748953636287,48,user,344147,467193,1002677,1682280,432586,0
86,80751494,179742489,0 days 00:00:28.023450,,,,157,12.6781,2021-02-05T22:55:04.134+00:00,2021-02-05T22:27:02.727+00:00,1760.89,12.678069241616,0,user,0,10573,168267,198991,1303526,0
87,81125251,180320646,0 days 00:00:07.697017,,,,105,8.0708,2021-02-07T00:04:26.041+00:00,2021-02-06T23:56:44.22+00:00,115.809,4.20435152252299,44,user,36530,290352,134582,0,0,0
88,81125251,180317209,0 days 00:00:15.694933,,,,108,7.8441,2021-02-06T23:50:32.217+00:00,2021-02-06T23:34:50.521+00:00,294.499,4.68097896691065,96,user,76904,519101,256710,89401,0,0
89,81125251,180299379,0 days 00:00:35,,,,118,7.2067,2021-02-06T22:45:00+00:00,2021-02-06T22:10:00+00:00,1023.54,7.20673313556049,96,user,392250,346066,612353,682524,65369,0
90,81365601,180756991,0 days 00:01:25,,,,114,9.1571,2021-02-07T18:55:00+00:00,2021-02-07T17:30:00+00:00,2025.4,9.15711178609494,48,user,488381,1823587,1911073,830565,46143,0
91,81848067,181919173,0 days 00:00:35.974267,,,,124,13.3811,2021-02-10T00:18:54.388+00:00,2021-02-09T23:42:55.932+00:00,1178.12,7.74168024125957,96,user,139427,357604,688293,895933,77867,0
92,81848067,181798226,0 days 00:00:29.042950,,,,152,11.939,2021-02-09T17:42:51.657+00:00,2021-02-09T17:13:49.08+00:00,1682.13,11.9390242400621,0,user,7729,21150,199950,421052,1092039,0
93,82026211,182477410,0 days 00:00:55.818767,,,,119,13.3512,2021-02-10T23:58:51.952+00:00,2021-02-10T23:03:02.826+00:00,1560.58,8.18632912184212,48,user,220138,778656,1561194,789229,0,0
94,82026211,182381946,0 days 00:00:31.465817,,,,145,11.6182,2021-02-10T18:28:24.691+00:00,2021-02-10T17:56:56.742+00:00,1613.05,11.6181738741185,0,user,76906,261512,92285,395096,1062239,0
95,82326791,183000742,0 days 00:00:30.570867,,,,149,11.8665,2021-02-11T22:43:23.772+00:00,2021-02-11T22:12:49.52+00:00,1670.03,11.8664777352639,0,user,0,155770,179763,422973,1075698,0
96,82535905,183537661,0 days 00:00:28.479617,,,,158,12.6431,2021-02-12T22:48:25.843+00:00,2021-02-12T22:19:57.066+00:00,1797.74,12.6431111088822,0,user,0,0,84594,397057,1217970,9614
97,82949074,184081470,0 days 00:00:28.440550,5437.46277718072,7.78434,-0.445962,151,11.4375,2021-02-13T22:58:08.812+00:00,2021-02-13T22:29:42.379+00:00,1626.71,11.4375081726212,0,user,0,5767,127854,670067,902663,0
98,83563707,185676239,0 days 00:01:46.392083,,,,117,11.2748,2021-02-17T00:21:56.029+00:00,2021-02-16T22:35:32.504+00:00,2918.58,11.2747997130169,48,user,799805,1355438,2577286,1485214,165344,0
99,83910334,186122215,0 days 00:00:25,,,,161,12.4678,2021-02-17T17:59:00+00:00,2021-02-17T17:34:00+00:00,1641.14,12.467841332158,0,user,0,0,41336,315305,1131495,11535
100,84169350,186785717,0 days 00:00:39.782583,,,,135,14.2709,2021-02-19T01:47:38.482+00:00,2021-02-19T01:07:51.527+00:00,1695.67,10.5954975516973,96,user,38452,292276,833448,452772,770005,0
101,84169350,186669429,0 days 00:00:26,,,,151,11.6528,2021-02-18T18:05:00+00:00,2021-02-18T17:39:00+00:00,1475.25,11.6528227822718,0,user,7728,116318,165346,292236,924772,53833
102,84422546,187277843,0 days 00:00:28.502083,5492.42631692815,4.81473,0.0719874,156,12.3828,2021-02-19T23:04:37.731+00:00,2021-02-19T22:36:07.606+00:00,1743.0,12.3827569278559,0,user,0,0,159616,383560,1117995,49026
103,84743219,187826200,0 days 00:00:44.011650,,,,126,13.6169,2021-02-20T21:37:03.727+00:00,2021-02-20T20:53:03.028+00:00,1500.57,8.77303093528282,-1,auto,51912,504722,1097809,894971,91324,0
104,84743219,187782790,0 days 00:00:25.179650,,,,131,11.7264,2021-02-20T20:14:24.892+00:00,2021-02-20T19:49:14.113+00:00,963.145,8.02259834306536,48,user,15381,272087,621002,244170,339340,19226
105,84743219,187773594,0 days 00:00:50,,,,124,8.9135,2021-02-20T19:15:00+00:00,2021-02-20T18:25:00+00:00,1619.41,8.91346906360445,48,user,17341,581590,1541983,686371,173034,0
106,85188789,189004336,0 days 00:00:31,,,,122,7.2104,2021-02-23T03:10:00+00:00,2021-02-23T02:39:00+00:00,962.653,7.21036398067578,96,user,255746,352798,389328,718092,144196,0
107,85470547,189585934,0 days 00:01:26.757567,,,,131,15.1841,2021-02-24T01:24:07.276+00:00,2021-02-23T23:57:21.822+00:00,3239.45,12.2486637789162,-1,auto,0,313387,2229302,2536874,125930,0
108,85470547,189531556,0 days 00:00:27.630267,5455.91450946014,14.8151,1.17464,156,11.9733,2021-02-23T23:08:55.482+00:00,2021-02-23T22:41:17.666+00:00,1675.5,11.9732568658739,0,user,0,0,115357,388404,1153564,0
109,85721874,190165940,0 days 00:01:16.644533,,,,119,13.8226,2021-02-25T00:15:05.024+00:00,2021-02-24T22:58:26.352+00:00,2002.32,9.02168489979095,48,user,177841,1175712,2277326,928617,39414,0
110,85721874,190049294,0 days 00:00:25.330033,5310.71474688632,7.48929,1.8528,158,11.9369,2021-02-24T18:10:03.66+00:00,2021-02-24T17:44:43.858+00:00,1584.09,11.9368732445993,0,user,0,0,23110,536406,888244,72098
111,86007046,190748322,0 days 00:00:23.558800,5092.81231086731,0,0.599998,165,12.6501,2021-02-25T23:12:31.026+00:00,2021-02-25T22:48:57.498+00:00,1621.88,12.6500669672297,0,user,0,0,0,255743,926698,230712
112,86534090,192008566,0 days 00:00:25.245267,5431.46458747484,6.83035,4.65834,160,12.2078,2021-02-27T22:29:36.438+00:00,2021-02-27T22:04:21.722+00:00,1622.72,12.2078168764287,0,user,13497,9613,16342,222063,1253537,0
113,86774899,192899568,0 days 00:00:11.176283,,,,71,0.0,2021-03-01T05:08:27.868+00:00,2021-03-01T04:57:17.291+00:00,73.2037,0.0,44,user,671028,0,0,0,0,0
114,87021877,193760156,0 days 00:00:30,,,,127,13.0993,2021-03-02T02:25:00+00:00,2021-03-02T01:55:00+00:00,972.638,7.02367284417261,96,user,124969,182647,743127,646958,101897,0
115,87021877,193731424,0 days 00:00:10.919867,,,,105,11.8659,2021-03-02T01:21:38.987+00:00,2021-03-02T01:10:43.795+00:00,134.934,4.19454737671183,44,user,82672,349953,222061,0,0,0
116,87021877,193722666,0 days 00:00:14.328733,,,,104,11.7349,2021-03-02T00:53:51.162+00:00,2021-03-02T00:39:31.438+00:00,202.816,4.33439124817801,48,user,237481,266282,355680,0,0,0
117,87021877,193688971,0 days 00:00:25.909383,,,,157,11.5269,2021-03-01T23:18:20.848+00:00,2021-03-01T22:52:26.285+00:00,1567.19,11.5269038076407,0,user,6768,9613,9613,397978,1130493,0
118,87297895,194363325,0 days 00:00:10,,,,86,6.7515,2021-03-03T03:34:00+00:00,2021-03-03T03:24:00+00:00,66.569,0.968073535575588,44,user,468191,131700,0,0,0,0
119,87297895,194358677,0 days 00:00:29,,,,127,6.7401,2021-03-03T03:11:00+00:00,2021-03-03T02:42:00+00:00,912.204,6.74005834542526,96,user,2884,258590,714288,711364,52871,0
120,87565062,195090996,0 days 00:00:20,,,,109,13.2894,2021-03-04T03:45:00+00:00,2021-03-04T03:25:00+00:00,344.588,4.7699504055475,96,user,161536,545060,296080,197068,0,0
121,87565062,195013412,0 days 00:00:24.058200,5192.01042157635,2.69338,32.7437,168,13.0484,2021-03-03T23:28:39.971+00:00,2021-03-03T23:04:36.479+00:00,1720.32,13.0483619378994,0,user,0,0,0,73098,933423,436434
122,87938691,195919088,0 days 00:00:18.004550,,,,112,12.5006,2021-03-04T23:59:24.779+00:00,2021-03-04T23:41:24.506+00:00,339.275,4.72697168655363,96,user,168229,360523,453737,97092,0,0
123,87938691,195902064,0 days 00:00:07,,,,86,12.168,2021-03-04T23:15:00+00:00,2021-03-04T23:08:00+00:00,46.0639,0.0,44,user,333611,86516,0,0,0,0
124,87938691,195893620,0 days 00:00:06.355117,424.441040316681,0.671529,-0.0210816,110,12.168,2021-03-04T22:53:22.247+00:00,2021-03-04T22:47:00.94+00:00,97.835,4.16858973363393,63,user,0,297042,81711,1961,0,0
125,87938691,195890818,0 days 00:00:25.159300,5402.59871270621,7.36329,1.36229,160,12.0598,2021-03-04T22:46:08.854+00:00,2021-03-04T22:20:59.296+00:00,1604.89,12.0597916459066,0,user,3883,9613,38452,223023,1234313,0
126,88186832,196958018,0 days 00:00:05.207667,417.79843749083,0.543447,-0.0344356,116,12.7038,2021-03-05T23:35:41.05+00:00,2021-03-05T23:30:28.59+00:00,109.624,4.20851080889136,63,user,0,169189,112473,30801,0,0
127,88186832,196956263,0 days 00:00:25.886350,5336.91453267182,15.6223,-0.78478,163,12.6021,2021-03-05T23:30:12.515+00:00,2021-03-05T23:04:19.334+00:00,1724.41,12.602125529594,0,user,0,0,5768,209603,1338133,0
128,88507434,197621111,0 days 00:02:14,9090.63856292985,30.9501,7.19895,108,14.9066,2021-03-07T06:39:00+00:00,2021-03-07T04:25:00+00:00,2282.21,8.71866579894993,99,user,869980,4507585,2662810,0,0,0
129,88507434,197526543,0 days 00:02:17.518150,6376.24517478449,223.196,1.23988,128,13.5457,2021-03-06T22:28:49.248+00:00,2021-03-06T20:11:18.159+00:00,4486.61,13.5456638477993,99,user,37491,1372780,3787531,2582058,471038,0
130,89097529,198623662,0 days 00:01:45,,,,115,9.6477,2021-03-08T21:30:00+00:00,2021-03-08T19:45:00+00:00,2468.85,9.64773202279529,48,user,508529,1801521,3333797,588315,68253,0
131,89381352,199671501,0 days 00:00:25.156683,5301.83338411992,25.3127,0.648769,164,15.8085,2021-03-09T21:30:13.23+00:00,2021-03-09T21:05:03.829+00:00,1715.0,12.6496172491748,0,user,0,0,0,60601,1396773,50949
132,89381352,199639426,0 days 00:00:26,,,,163,12.7361,2021-03-09T17:58:00+00:00,2021-03-09T17:32:00+00:00,1758.27,12.7361274161827,0,user,0,0,9651,85557,1339096,125929
133,89835227,200248141,0 days 00:00:27.451333,5359.02594252003,33.7389,-0.520204,155,11.8184,2021-03-10T23:01:05.515+00:00,2021-03-10T22:33:38.435+00:00,1654.12,11.8183502311516,0,user,0,22110,118278,284548,1220855,961
134,90477753,201303920,0 days 00:00:09.773967,954.294219300817,2.09996,-0.121343,107,12.1974,2021-03-12T23:41:46.401+00:00,2021-03-12T23:31:59.963+00:00,142.258,4.2878459505636,63,user,0,475881,110551,0,0,0
135,90477753,201300268,0 days 00:00:25.450667,5375.2330833794,26.1182,0.968205,160,12.0362,2021-03-12T23:30:18.878+00:00,2021-03-12T23:04:51.838+00:00,1640.62,12.0362209217172,0,user,0,4845,10575,175917,1335251,0
136,90810027,201809498,0 days 00:01:14,,,,103,6.2317,2021-03-13T22:41:00+00:00,2021-03-13T21:27:00+00:00,1069.78,6.23165495869907,48,user,1247812,2012006,978603,201875,0,0
137,91132508,202303636,0 days 00:00:03.689317,329.005046980674,0.952121,-0.717503,114,15.0182,2021-03-14T23:34:19.273+00:00,2021-03-14T23:30:37.914+00:00,81.3328,4.14132857204522,63,user,0,96131,99013,25033,961,0
138,91132508,202302704,0 days 00:00:53.148850,10173.8683180898,40.5765,0.577554,158,14.9681,2021-03-14T23:30:24.409+00:00,2021-03-14T22:37:15.478+00:00,3342.64,14.9681193736601,0,user,0,11575,30761,340303,2799312,6729
139,91347504,202795524,0 days 00:01:36,,,,121,11.1935,2021-03-15T23:06:00+00:00,2021-03-15T21:30:00+00:00,2837.1,11.1935425293621,48,user,203795,1126684,3195371,980528,252824,0
140,91756935,203368796,0 days 00:00:35.728800,,,,126,14.2434,2021-03-17T01:08:49.52+00:00,2021-03-17T00:33:05.792+00:00,1194.66,8.02006267256552,96,user,70174,549866,651801,695983,175919,0
141,91756935,203242983,0 days 00:00:26.311233,5325.1707063929,47.774,-3.17911,164,13.0324,2021-03-16T18:33:10.653+00:00,2021-03-16T18:06:51.979+00:00,1817.7,13.0323528736644,0,user,0,0,9652,55757,1362166,150923
142,92117383,203860424,0 days 00:00:31.860517,5510.85452997982,35.6302,3.84636,145,10.6228,2021-03-17T23:12:05.738+00:00,2021-03-17T22:40:14.107+00:00,1637.76,10.6217089021389,0,user,8691,9613,237440,772889,876708,6729
143,92117383,203847387,0 days 00:00:03,,,,93,0.0704,2021-03-17T22:34:00+00:00,2021-03-17T22:31:00+00:00,20.1309,0.0703532120664683,48,user,128852,44221,6729,0,0,0
144,92417225,204408265,0 days 00:00:15.235933,,,,98,12.8794,2021-03-19T02:31:52.229+00:00,2021-03-19T02:16:38.073+00:00,203.675,4.29526687335305,48,user,428780,257629,227828,0,0,0
145,92417225,204369273,0 days 00:00:26.424883,5425.17343325799,41.842,-5.70925,162,12.7582,2021-03-18T23:41:20.173+00:00,2021-03-18T23:14:54.68+00:00,1775.21,12.7582260302225,0,user,0,1961,9613,120162,1387161,66331
146,92602862,204874017,0 days 00:00:03.749567,133.727835848463,4.96397,-2.7934,116,13.0682,2021-03-19T23:42:54.579+00:00,2021-03-19T23:39:09.605+00:00,91.8448,4.16236246383103,63,user,0,103820,121164,0,0,0
147,92602862,204872643,0 days 00:00:24.772433,5366.69003367281,51.5847,4.26176,166,13.0002,2021-03-19T23:38:11.255+00:00,2021-03-19T23:13:24.909+00:00,1746.27,13.0002195402768,0,user,0,0,10613,21148,1410231,44220
148,93009601,205296802,0 days 00:01:01.058733,,,,122,9.2735,2021-03-20T18:02:23.292+00:00,2021-03-20T17:01:19.768+00:00,1861.8,9.27351829831592,48,auto,55755,941160,1741876,765196,159576,0
149,93443178,206404398,0 days 00:00:26.495333,5412.02285280115,30.0195,-3.91902,161,14.186,2021-03-23T00:01:42.68+00:00,2021-03-22T23:35:12.96+00:00,1733.01,12.6168376810717,0,user,14458,8652,14419,197067,1253540,100936
150,93443178,206374539,0 days 00:01:43,,,,103,8.8487,2021-03-22T22:43:00+00:00,2021-03-22T21:00:00+00:00,1867.81,8.84865222601171,48,user,1964942,2069684,1712080,126892,262436,43258
151,93800541,206933954,0 days 00:00:25.962350,5388.45069211917,30.5907,-0.0596393,163,12.8676,2021-03-23T23:46:43.726+00:00,2021-03-23T23:20:45.985+00:00,1753.38,12.8676277151543,0,user,19264,8651,9614,10574,1379470,129776
152,94015561,207464022,0 days 00:00:25.968750,5381.20226702689,26.8674,2.76881,162,14.4486,2021-03-24T22:55:42.003+00:00,2021-03-24T22:29:43.878+00:00,1721.66,12.6650619648704,0,user,6768,8652,10574,153810,1149716,228791
153,94015561,207268749,0 days 00:01:11.074850,,,,121,9.5138,2021-03-24T13:33:17.156+00:00,2021-03-24T12:22:12.665+00:00,2090.19,9.51380792459829,48,user,198028,903677,2034102,1008406,120164,0
154,94269838,208004683,0 days 00:00:27.396050,5446.71643838258,38.0146,-3.26981,164,13.163,2021-03-25T23:58:21.212+00:00,2021-03-25T23:30:57.449+00:00,1878.86,13.1630085098095,0,user,0,8690,12497,124005,1386204,112469
155,94612224,208497359,0 days 00:00:24.659983,5376.7084031778,45.0867,-10.3095,162,12.6549,2021-03-26T23:00:11.825+00:00,2021-03-26T22:35:32.226+00:00,1659.83,12.6549262708967,0,user,10613,11536,13458,111512,1093962,238403
156,95195516,209474111,0 days 00:02:00,,,,111,9.3338,2021-03-28T21:15:00+00:00,2021-03-28T19:15:00+00:00,2477.13,9.33380397880767,48,user,1173787,2372500,3385706,268203,0,0
157,95411866,210006357,0 days 00:00:24.953600,5343.15581426269,38.6532,-0.0117715,162,12.2531,2021-03-29T22:53:24.878+00:00,2021-03-29T22:28:27.662+00:00,1660.55,12.253082953317,0,user,0,0,6768,36529,1453490,0
158,95655737,210570928,0 days 00:00:24.858750,5296.11012799186,24.9572,-0.805165,168,13.1935,2021-03-30T23:28:26.905+00:00,2021-03-30T23:03:35.38+00:00,1782.52,13.1934634291128,0,user,0,0,5806,18265,1172790,294158
159,95974073,211087672,0 days 00:00:25.171367,5342.51261717487,19.7209,0.100769,161,12.3327,2021-03-31T22:40:29.287+00:00,2021-03-31T22:15:19.005+00:00,1652.36,12.3326645374195,0,user,4845,8652,9613,111511,1195862,179761
160,96548783,212104598,0 days 00:00:23.792950,5098.54821626324,29.7585,0.601212,165,14.1427,2021-04-02T20:59:18.884+00:00,2021-04-02T20:35:31.307+00:00,1636.68,12.5838917266734,0,user,0,0,0,128853,936311,362409
161,96548783,212057024,0 days 00:01:36.055067,,,,112,8.7876,2021-04-02T18:17:29.479+00:00,2021-04-02T16:41:26.175+00:00,1888.5,8.78763239963464,48,user,850753,2138941,2254251,307616,212449,0
162,97370178,213700005,0 days 00:00:30.987050,,,,135,14.2044,2021-04-06T00:42:24.536+00:00,2021-04-06T00:11:25.313+00:00,1278.24,8.55170659027732,96,user,50949,150001,373949,1093962,176879,13458
163,97370178,213552706,0 days 00:00:09.637483,903.427270414594,5.97061,2.42891,110,12.778,2021-04-05T17:15:02.668+00:00,2021-04-05T17:05:24.419+00:00,161.202,4.32125676457415,63,user,0,436431,141351,0,0,0
164,97370178,213548659,0 days 00:00:23.777033,5384.06924877441,32.8901,3.43271,165,12.6399,2021-04-05T17:02:47.262+00:00,2021-04-05T16:39:00.64+00:00,1638.6,12.6398926535485,0,user,0,9651,9613,24993,1131455,250899
165,97583673,214216984,0 days 00:01:19.282367,,,,120,9.1789,2021-04-06T23:09:56.833+00:00,2021-04-06T21:50:39.891+00:00,2103.34,9.1788561531011,48,user,29804,1108380,2817696,763276,38452,0
166,97877672,214762710,0 days 00:00:50.429800,10188.9180574966,63.4645,1.72496,159,14.9346,2021-04-07T23:01:02.828+00:00,2021-04-07T22:10:37.04+00:00,3202.43,14.9345598016342,0,user,1000,9613,41336,429703,2441709,102859
167,98235158,215261937,0 days 00:00:26.259217,5339.10576709645,50.8928,6.54282,160,13.5103,2021-04-08T21:17:41.774+00:00,2021-04-08T20:51:26.221+00:00,1684.33,12.2801860658633,0,user,1961,10574,17303,218217,1327559,0
168,98235158,215207964,0 days 00:01:45,,,,107,7.4937,2021-04-08T18:00:00+00:00,2021-04-08T16:15:00+00:00,1641.03,7.49365476213069,48,user,699869,3540475,1811095,157655,91323,0
169,98453254,215800453,0 days 00:00:26.480383,5363.74665097327,40.306,-1.63162,157,11.707,2021-04-09T21:49:54.273+00:00,2021-04-09T21:23:25.45+00:00,1595.63,11.706985332225,0,user,6767,8652,15382,293196,1262191,2884
170,99078300,216853930,0 days 00:00:08.217467,373.265901016339,1.06079,0.382557,106,17.0564,2021-04-11T23:26:25.159+00:00,2021-04-11T23:18:12.111+00:00,115.923,4.21172409588265,63,user,4807,440313,48066,0,0,0
171,99078300,216849817,0 days 00:00:07.650117,483.470569641598,1.65881,1.8952,124,17.0115,2021-04-11T23:08:16.256+00:00,2021-04-11T23:00:37.249+00:00,232.15,4.66976080388094,63,user,0,38467,274971,145157,0,0
172,99078300,216847640,0 days 00:01:56.034150,21494.3865972576,169.944,0.936059,148,16.8911,2021-04-11T22:59:11.937+00:00,2021-04-11T21:03:09.888+00:00,6068.27,16.8911350951291,0,user,20226,9613,75942,4604641,2232145,19226
173,99324731,217377934,0 days 00:01:35,,,,99,6.2525,2021-04-12T23:20:00+00:00,2021-04-12T21:45:00+00:00,1148.26,6.25246244371207,48,user,2596517,2117751,697901,287433,0,0
174,99558867,217939144,0 days 00:00:28.099267,5043.32522424592,40.1646,2.14952,157,14.8109,2021-04-13T23:38:21.517+00:00,2021-04-13T23:10:15.561+00:00,1711.92,12.039001328123,0,user,0,0,40414,251860,1393889,0
175,99558867,217927420,0 days 00:00:12.972983,2629.52491859507,19.0887,-6.64307,163,11.4032,2021-04-13T23:08:51.631+00:00,2021-04-13T22:55:53.252+00:00,863.639,9.26859717678766,0,user,0,0,0,0,778694,0
176,99558867,217921961,0 days 00:00:12.379700,,,,147,7.0965,2021-04-13T22:55:43.79+00:00,2021-04-13T22:43:21.008+00:00,636.826,7.09649940357072,0,user,10613,8652,30761,424895,268205,0
177,99917839,218477244,0 days 00:00:04.307550,389.134319951977,4.13195,-0.0690038,119,15.2803,2021-04-14T22:57:41.206+00:00,2021-04-14T22:53:22.753+00:00,111.483,4.2180899774861,63,user,0,41336,217296,0,0,0
178,99917839,218475246,0 days 00:00:52.248600,10227.8389841543,68.3481,-0.498919,159,15.2151,2021-04-14T22:52:24.734+00:00,2021-04-14T22:00:09.818+00:00,3293.3,15.2151240967693,0,user,11575,10574,9613,337416,2728178,37491
179,100441940,219420762,0 days 00:01:35.203233,,,,104,7.5662,2021-04-16T16:06:13.049+00:00,2021-04-16T14:31:00.855+00:00,1454.67,7.56618547012242,48,user,1449682,2790665,992063,397978,81711,0
180,101095541,220601114,0 days 00:00:26.447933,5348.1004869825,28.0018,-3.58447,156,11.6701,2021-04-18T23:57:51.221+00:00,2021-04-18T23:31:24.345+00:00,1591.0,11.6700982604558,0,user,10613,10574,29800,250901,1285261,0
181,101320806,221116034,0 days 00:01:28,,,,100,7.3417,2021-04-19T22:58:00+00:00,2021-04-19T21:30:00+00:00,1258.85,7.34167739930809,48,user,2062033,2049499,842100,110550,164383,50949
182,101612013,221647661,0 days 00:00:25.394700,5359.84019502476,36.9134,1.86225,161,12.4093,2021-04-20T21:11:42.568+00:00,2021-04-20T20:46:18.886+00:00,1646.85,12.4093086568157,0,user,7729,9613,12497,70176,1423689,0
183,101916005,222237853,0 days 00:00:23.997883,5337.14428157936,36.1034,-3.26866,163,12.5587,2021-04-21T22:58:13.597+00:00,2021-04-21T22:34:13.724+00:00,1600.94,12.5587089307867,0,user,11575,8651,9613,66333,1297756,46142
184,102148204,222789863,0 days 00:00:10.450783,895.640400078128,1.92211,2.81483,115,12.5554,2021-04-22T23:37:27.384+00:00,2021-04-22T23:27:00.337+00:00,234.201,4.5951462943392,63,user,16343,192258,364336,29800,24072,0
185,102148204,222786285,0 days 00:00:23.747967,5141.56190093713,23.1805,0.268713,162,12.288,2021-04-22T23:26:45.949+00:00,2021-04-22T23:03:01.071+00:00,1559.96,12.287951300836,0,user,7729,8652,12497,77851,1304502,13459
186,102531900,223289113,0 days 00:00:56.273567,5671.66807686072,83.5381,0.430723,105,9.5868,2021-04-23T21:40:33.497+00:00,2021-04-23T20:44:17.083+00:00,791.726,5.87189878169841,63,user,47105,3111771,218219,0,0,0
187,102531900,223245357,0 days 00:01:29,,,,110,8.0707,2021-04-23T18:10:00+00:00,2021-04-23T16:41:00+00:00,1693.33,8.07070704267979,48,user,619083,2572474,1721693,372985,53832,0
188,102803106,223838259,0 days 00:00:07.427967,1600.59634344182,59.0851,-59.0884,148,14.6099,2021-04-24T21:34:33.967+00:00,2021-04-24T21:27:08.289+00:00,375.0,5.63516507782471,0,user,0,8690,10575,282622,144196,0
189,102803106,223818750,0 days 00:00:53.058333,10183.8743696177,94.0465,55.1028,155,14.1724,2021-04-24T20:32:28.764+00:00,2021-04-24T19:39:25.264+00:00,3023.51,14.1723825177011,0,user,17343,8651,176880,483535,2497465,0
190,103105110,224366554,0 days 00:01:23.257300,15090.8161375465,175.53,33.6205,153,15.7363,2021-04-25T23:20:36.735+00:00,2021-04-25T21:57:21.297+00:00,4507.47,15.7362737702525,0,user,8690,12497,367219,1113184,3452040,42298
191,103364765,224906615,0 days 00:01:21,,,,108,7.7953,2021-04-26T23:15:00+00:00,2021-04-26T21:54:00+00:00,1486.89,7.79533985817374,48,user,1148795,1717849,1420807,471997,100938,0
192,103558291,225483208,0 days 00:00:23.185533,5088.29110946537,33.7296,4.0308,160,15.2816,2021-04-27T23:28:01.056+00:00,2021-04-27T23:04:49.924+00:00,1486.59,11.8324267160192,0,user,8690,9614,10574,76902,1285264,0
193,103558291,225319721,0 days 00:00:24.809667,5329.16990424276,25.9749,-1.29692,163,12.5436,2021-04-27T15:26:16.954+00:00,2021-04-27T15:01:28.374+00:00,1650.4,12.5436375076156,0,user,0,6767,9614,68251,1404464,0
194,103836152,226037014,0 days 00:00:26.748167,5079.35838664519,35.8288,4.03473,154,14.8698,2021-04-28T23:01:56.712+00:00,2021-04-28T22:35:11.822+00:00,1558.45,11.8185436860971,0,user,4846,46143,174957,213409,1152606,12492
195,103836152,226022701,0 days 00:00:22.522433,5073.16248943976,28.9459,1.55222,160,11.7717,2021-04-28T22:23:17.852+00:00,2021-04-28T22:00:46.506+00:00,1447.73,11.7717394054921,0,user,13497,8652,9613,62485,1212202,45181
196,104152217,226593872,0 days 00:00:24.560067,4309.41142432126,33.0632,-0.146584,149,13.8182,2021-04-29T23:48:49.005+00:00,2021-04-29T23:24:15.401+00:00,1328.42,10.386376186167,0,user,0,961,298041,234560,940153,0
197,104152217,226459452,0 days 00:00:26.448100,5343.45831393703,35.2612,2.37259,151,10.8793,2021-04-29T16:14:40.651+00:00,2021-04-29T15:48:13.765+00:00,1466.15,10.8793429695834,0,user,10613,7691,171111,396058,999753,1923
198,104478828,227123975,0 days 00:00:25.543717,5099.03116279678,51.3605,-1.57258,153,12.7145,2021-04-30T23:31:44.027+00:00,2021-04-30T23:06:11.404+00:00,1458.39,11.2315340538568,0,user,6768,9613,193222,129775,1192977,0
199,104478828,227060015,0 days 00:01:14.653117,,,,108,7.0101,2021-04-30T20:06:45.763+00:00,2021-04-30T18:52:06.576+00:00,1320.2,7.01011813077725,48,user,862325,1945677,1429459,239365,2884,0
200,104789024,227687713,0 days 00:01:21.475133,3698.55923274586,113.452,-3.55129,110,7.9289,2021-05-02T00:49:47.63+00:00,2021-05-01T23:28:19.122+00:00,1698.32,7.92887020672874,99,user,891165,1427535,2270594,298969,0,0
201,105301778,228690597,0 days 00:00:24.358467,5081.19964131343,23.9826,5.44066,156,12.6817,2021-05-03T22:27:59.906+00:00,2021-05-03T22:03:38.398+00:00,1471.58,11.3757017195347,0,user,0,8691,71136,162460,1218932,0
202,105301778,228610251,0 days 00:01:34,,,,97,6.6974,2021-05-03T18:04:00+00:00,2021-05-03T16:30:00+00:00,1216.81,6.69739129345218,48,user,3195410,1229506,883436,129775,201874,0
203,105636044,229293958,0 days 00:00:38.696700,7452.16596330835,90.0475,7.09618,154,15.4015,2021-05-05T00:08:20.14+00:00,2021-05-04T23:29:38.338+00:00,2275.23,13.1746652986607,0,user,1000,8652,142272,417206,1753416,0
204,105636044,229155319,0 days 00:00:26.713467,5429.72836401722,38.8149,1.36208,151,11.0766,2021-05-04T17:08:40.264+00:00,2021-05-04T16:41:57.456+00:00,1503.62,11.0765840789797,0,user,7729,20187,101898,574858,886323,11535
205,105871115,229861024,0 days 00:00:51.743933,10413.5693414616,290.179,-184.032,150,14.5402,2021-05-06T00:30:12.35+00:00,2021-05-05T23:38:27.714+00:00,2853.83,13.608908692887,0,user,22148,8652,85556,1499635,1489054,0
206,105871115,229838892,0 days 00:01:23,4181.18383997336,57.699,1.15636,102,7.2934,2021-05-05T23:23:00+00:00,2021-05-05T22:00:00+00:00,1205.8,6.59133073437687,99,user,1129570,3187678,651764,10575,0,0
207,105871115,229764341,0 days 00:00:21.035517,231.610008152167,6.8628,-6.06431,105,4.7259,2021-05-05T19:29:25.434+00:00,2021-05-05T19:08:23.303+00:00,326.674,4.72587331309371,99,user,121163,941115,199951,0,0,0
208,106228726,230413451,0 days 00:00:31.168617,5249.41776385046,78.5919,-1.14511,145,11.5371,2021-05-07T00:42:39.43+00:00,2021-05-07T00:11:29.313+00:00,1568.58,10.7511818675957,0,user,29839,24992,283585,613311,919006,0
209,106228726,230402277,0 days 00:00:24,,,,114,5.3008,2021-05-07T00:03:00+00:00,2021-05-06T23:39:00+00:00,541.045,5.30079008070194,99,user,0,667182,769043,3846,0,0
210,106526466,230926185,0 days 00:01:21.206200,,,,94,7.2332,2021-05-07T22:56:59.356+00:00,2021-05-07T21:35:46.984+00:00,966.678,5.92256663875579,48,user,2717640,1293911,669070,141312,49988,0
211,106526466,230872631,0 days 00:00:59,,,,107,5.3689,2021-05-07T19:59:00+00:00,2021-05-07T19:00:00+00:00,699.804,5.36890656540675,99,user,238440,2328275,959382,13458,0,0
212,106760249,231470431,0 days 00:01:23.485500,15343.803844854,163.219,9.24993,163,18.3279,2021-05-08T22:56:00.101+00:00,2021-05-08T21:32:30.971+00:00,5520.21,18.151691961022,0,user,10613,8652,9613,400864,4563302,16343
213,106760249,231412033,0 days 00:00:36,,,,107,5.5068,2021-05-08T19:40:00+00:00,2021-05-08T19:04:00+00:00,634.478,5.50683941210716,48,user,370140,925737,751738,112471,0,0
214,107138534,231935859,0 days 00:00:28,,,,117,5.3145,2021-05-09T21:13:00+00:00,2021-05-09T20:45:00+00:00,554.09,5.31451458190238,99,user,12536,513336,1085310,69215,0,0
215,107371569,232521291,0 days 00:00:53.501583,10382.2312796414,113.167,2.80145,154,14.106,2021-05-11T00:20:41.749+00:00,2021-05-10T23:27:11.654+00:00,3034.88,14.1060475420538,0,user,18304,8651,88439,642154,2452280,0
216,107742305,233067292,0 days 00:01:28.702517,,,,103,6.918,2021-05-11T23:11:07.314+00:00,2021-05-11T21:42:25.163+00:00,1324.82,6.91798849108492,48,user,1426570,2446562,1288142,143233,18265,0
217,107946904,233658069,0 days 00:00:50.407217,10196.0289614766,128.014,3.38323,160,17.6527,2021-05-13T00:22:44.096+00:00,2021-05-12T23:32:19.663+00:00,3233.78,15.3058498211663,0,user,12536,8652,9613,245132,2725293,23071
218,107946904,233534147,0 days 00:00:23.525367,5595.2599067196,72.1444,-41.0926,160,13.0383,2021-05-12T18:00:29.031+00:00,2021-05-12T17:36:57.509+00:00,1493.27,12.0434358780141,0,user,0,9652,16343,298962,963228,123046
219,107946904,233512721,0 days 00:00:08.359350,1678.78857828105,1.65981,70.1848,150,6.5013,2021-05-12T16:51:33.676+00:00,2021-05-12T16:43:12.115+00:00,457.96,6.50126713834842,0,user,13497,15381,9613,146119,317229,0
220,108297859,234196560,0 days 00:01:28.131283,,,,105,7.8796,2021-05-13T23:34:28.914+00:00,2021-05-13T22:06:21.037+00:00,1489.87,7.87960089794168,48,user,1252614,2901216,672911,325880,135545,0
221,108562423,234798281,0 days 00:01:07.643700,,,,117,8.2934,2021-05-15T02:59:06.019+00:00,2021-05-15T01:51:27.397+00:00,1783.47,8.29339764911874,-1,auto,0,998831,2998306,61524,0,0
222,109231254,235787490,0 days 00:01:41.809150,12463.6076232083,222.447,-39.9335,137,15.5149,2021-05-16T22:51:11.219+00:00,2021-05-16T21:09:22.67+00:00,4514.98,15.514913424556,0,user,663338,334531,917086,1950478,2242725,0
223,109654447,236920473,0 days 00:00:17.922533,4080.24633436554,27.476,3.04126,161,12.0415,2021-05-18T23:47:36.615+00:00,2021-05-18T23:29:41.263+00:00,1163.69,10.9301967660538,0,user,10613,9613,9613,57678,988220,0
224,109654447,236896598,0 days 00:01:33.112550,,,,94,5.9871,2021-05-18T22:45:57.973+00:00,2021-05-18T21:12:51.22+00:00,1042.87,5.98707227205635,48,user,2909910,2002387,424895,205719,44220,0
225,110049024,237405952,0 days 00:00:37.926550,7200.91470988109,81.0397,15.9071,152,13.0158,2021-05-19T19:32:00.404+00:00,2021-05-19T18:54:04.811+00:00,2166.91,13.015807016294,0,user,12536,9613,251862,416243,1586151,0
226,110316157,238020143,0 days 00:00:10.562217,,,,116,12.2129,2021-05-20T22:43:39.854+00:00,2021-05-20T22:33:06.121+00:00,246.876,4.57284106754972,96,user,0,200912,402786,29839,0,0
227,110316157,238011317,0 days 00:00:24.972267,5164.75269895946,79.6929,0.224879,159,11.9195,2021-05-20T22:17:12.724+00:00,2021-05-20T21:52:14.388+00:00,1560.02,11.9195251362103,0,user,9652,11536,9612,156694,1311216,0
228,110674254,238456544,0 days 00:00:01,,,,109,4.3459,2021-05-21T16:00:00+00:00,2021-05-21T15:59:00+00:00,16.2596,2.98259878032467,0,user,0,43298,10574,5768,0,0
229,110674254,238444315,0 days 00:00:32.834467,,,,97,4.3055,2021-05-21T15:49:32.592+00:00,2021-05-21T15:16:42.524+00:00,272.633,4.30550124468892,48,user,656571,1218970,94208,0,0,0
230,111006850,239150059,0 days 00:00:31,,,,117,12.6801,2021-05-23T00:00:00+00:00,2021-05-22T23:29:00+00:00,680.967,5.70030270177532,96,user,240365,385483,835371,393174,4806,0
231,111006850,239123802,0 days 00:00:50.585383,7895.36055344091,94.2879,-8.20927,141,11.9264,2021-05-22T22:54:33.819+00:00,2021-05-22T22:03:58.696+00:00,2200.21,11.9263556593189,0,user,11574,103822,811338,969954,1138184,0
232,111580323,240766979,0 days 00:00:31.264450,6138.32658799304,68.4703,8.24757,157,13.4459,2021-05-26T00:04:43.695+00:00,2021-05-25T23:33:27.828+00:00,1838.26,12.405457356104,0,user,9652,10574,13458,496992,1343903,1923
233,111580323,240732202,0 days 00:01:08.713000,,,,110,7.0334,2021-05-25T22:33:40.254+00:00,2021-05-25T21:24:57.474+00:00,1181.99,7.03339946011757,48,user,705596,1836130,1170863,243211,165344,0
234,112109585,241205784,0 days 00:00:21.284367,4099.88235507303,80.9845,-53.5395,153,12.3538,2021-05-26T17:15:02.641+00:00,2021-05-26T16:53:45.579+00:00,1198.84,10.2352134773839,0,user,0,36530,118241,243246,878632,0
235,112109585,241198815,0 days 00:00:31.411750,2230.51643778805,6.91426,63.6993,118,7.6099,2021-05-26T16:53:36.556+00:00,2021-05-26T16:22:11.851+00:00,788.967,7.60992161965323,0,user,332612,762351,279739,49989,459502,0
236,112346459,241910629,0 days 00:01:42.310267,15294.8224426776,206.011,-5.92849,157,18.7994,2021-05-28T01:28:20.048+00:00,2021-05-27T23:46:01.432+00:00,6354.84,18.4465163208893,0,user,8691,9613,109588,1546738,4440255,24032
237,112346459,241867932,0 days 00:01:55.538567,,,,99,7.02,2021-05-27T23:06:42.784+00:00,2021-05-27T21:11:10.47+00:00,1471.38,7.01999703504481,48,user,2799355,3095391,1014176,24032,0,0
238,113290666,243449934,0 days 00:00:57.720983,10979.5141657498,156.325,-58.4119,150,15.9658,2021-05-30T23:43:50.6+00:00,2021-05-30T22:46:07.341+00:00,2905.62,13.4791967461773,0,user,14459,24994,278780,1323716,1821664,0
239,113290666,243421230,0 days 00:00:20.591983,4196.8276471982,30.017,-4.5745,158,11.9182,2021-05-30T21:47:02.731+00:00,2021-05-30T21:26:27.212+00:00,1206.31,10.1110043225079,0,user,0,4846,11535,188416,1030516,0
240,113290666,243415497,0 days 00:00:14.392033,1844.64802498162,1.09346,56.7146,139,6.9291,2021-05-30T21:26:17.581+00:00,2021-05-30T21:11:54.059+00:00,564.294,6.92911829430412,0,user,8690,167267,168229,90362,428741,0
241,113452993,244011788,0 days 00:03:04.973867,,,,98,14.1974,2021-06-01T00:52:46.718+00:00,2021-05-31T21:47:48.286+00:00,1623.24,6.24640259404617,99,user,4103799,6142888,850744,0,0,0
242,113452993,243952555,0 days 00:00:45.768533,8281.48283799109,81.4876,20.0656,152,13.5596,2021-05-31T21:16:25.526+00:00,2021-05-31T20:30:39.414+00:00,2461.78,13.4433000979969,0,user,0,88440,411477,268202,1977402,961
243,113452993,243865540,0 days 00:00:15.553767,,,,107,4.349,2021-05-31T17:23:59.6+00:00,2021-05-31T17:08:26.374+00:00,194.715,4.34901260259779,99,user,59601,694100,179763,0,0,0
244,113886886,244536347,0 days 00:01:25.946833,,,,114,8.6338,2021-06-01T23:36:15.619+00:00,2021-06-01T22:10:18.809+00:00,1962.9,8.63377632772477,34,user,504721,1571728,2928130,151888,0,0
245,114143993,245179393,0 days 00:00:31.086367,,,,96,6.8574,2021-06-03T03:49:24.23+00:00,2021-06-03T03:18:19.048+00:00,343.648,4.61171990802404,48,user,854639,774804,175923,59601,0,0
246,114143993,245133430,0 days 00:01:44.918633,,,,98,6.2423,2021-06-03T00:42:24.756+00:00,2021-06-02T22:57:29.638+00:00,1221.77,6.24229350866498,99,user,2315779,3127196,852724,0,0,0
247,114478006,245712434,0 days 00:01:01,12658.0416182001,31.9414,35.7604,114,10.9141,2021-06-04T02:25:00+00:00,2021-06-04T01:24:00+00:00,1332.91,7.11311489440538,63,user,2884,1354512,2303284,0,0,0
248,114478006,245657345,0 days 00:00:16.949583,,,,148,8.6003,2021-06-03T23:14:06.673+00:00,2021-06-03T22:57:09.698+00:00,890.919,8.15373689160581,84,user,0,22149,35568,465270,494110,0
249,114478006,245651625,0 days 00:00:31.863567,,,,96,4.4916,2021-06-03T22:56:50.245+00:00,2021-06-03T22:24:58.431+00:00,327.858,4.49160730176844,48,user,814261,815186,282624,0,0,0
250,114766427,246207174,0 days 00:00:52.095383,,,,127,11.3033,2021-06-04T23:31:43.998+00:00,2021-06-04T22:39:38.275+00:00,1653.88,9.14604937479792,96,user,31724,679679,1087234,1194895,131702,0
251,114766427,246141402,0 days 00:01:01.441517,,,,111,7.0819,2021-06-04T19:52:03.308+00:00,2021-06-04T18:50:36.817+00:00,1187.64,7.08186229832009,22,user,644113,1425610,968995,647918,0,0
252,115017404,246687859,0 days 00:03:15.967567,,,,93,4.1732,2021-06-05T19:21:55.771+00:00,2021-06-05T16:05:57.717+00:00,1249.6,4.17315440225451,22,user,6370591,5006511,381636,0,0,0
253,115384085,247177825,0 days 00:01:48,,,,104,6.3725,2021-06-06T18:33:00+00:00,2021-06-06T16:45:00+00:00,1284.77,6.37253148700926,34,user,1369895,2569569,2301353,239366,0,0
254,115638718,247796484,0 days 00:01:53.386233,,,,106,7.8769,2021-06-07T23:13:43.735+00:00,2021-06-07T21:20:20.561+00:00,1728.7,7.87688363053531,48,user,1332404,2942547,2214845,260512,52872,0
255,116176199,248856766,0 days 00:00:31.319833,,,,119,6.16,2021-06-09T18:20:05.846+00:00,2021-06-09T17:48:46.656+00:00,797.426,6.15999481317685,96,user,174994,391253,873824,438354,0,0
256,116558513,249449100,0 days 00:01:45.112233,,,,102,7.3641,2021-06-10T20:01:35.061+00:00,2021-06-10T18:16:28.327+00:00,1500.87,7.32363022377355,48,user,1897650,3048283,1142996,181687,36530,0
257,116558513,249372258,0 days 00:00:10.765683,,,,84,3.2954,2021-06-10T15:46:16.544+00:00,2021-06-10T15:35:30.603+00:00,73.7328,3.29543760410728,44,user,524909,121124,0,0,0,0
258,117424784,251023055,0 days 00:01:06.792033,12113.995298671,159.703,-12.1491,151,14.9662,2021-06-13T18:20:49.041+00:00,2021-06-13T17:14:01.519+00:00,3572.01,14.9662490506313,0,user,0,94209,610426,603738,2699338,0
259,117573919,251630148,0 days 00:01:06,,,,115,8.3009,2021-06-14T22:28:00+00:00,2021-06-14T21:22:00+00:00,1588.46,8.30094113162166,48,user,149003,1615028,1665934,470080,59601,0
260,118005816,252234814,0 days 00:00:37.821400,7540.38168836026,99.6953,-49.4926,163,17.337,2021-06-15T23:38:11.494+00:00,2021-06-15T23:00:22.21+00:00,2488.76,14.4493429112968,0,user,0,0,24032,351875,1465022,428745
261,118005816,252220251,0 days 00:01:05.868550,6183.99750541769,49.2142,47.5203,129,13.413,2021-06-15T22:59:50.333+00:00,2021-06-15T21:53:58.22+00:00,2350.28,13.4130206280137,0,user,268207,1600603,390291,207640,1465027,20187
262,118321259,252826194,0 days 00:00:17.625383,3425.7037028522,70.7374,-44.5599,158,13.9087,2021-06-17T00:31:30.231+00:00,2021-06-17T00:13:52.708+00:00,1093.92,10.2779498310474,0,user,0,5768,99052,37490,889206,25955
263,118321259,252820344,0 days 00:00:02.800750,251.201333549163,0,0.767545,113,11.1732,2021-06-17T00:13:40.121+00:00,2021-06-17T00:10:52.076+00:00,58.0862,4.06913761994858,63,user,0,101936,66330,0,0,0
264,118321259,252819130,0 days 00:00:21.228433,3986.91719826923,27.6598,34.2329,157,11.0919,2021-06-17T00:10:05.748+00:00,2021-06-16T23:48:52.042+00:00,1299.98,11.0919449119816,0,user,11574,8652,90363,49987,1110305,2884
265,118564072,253171941,0 days 00:01:26.005400,,,,92,4.5374,2021-06-17T14:00:26.555+00:00,2021-06-17T12:34:26.231+00:00,655.557,4.53735310640475,48,user,3423234,1663059,74020,0,0,0
266,119460279,254932350,0 days 00:00:47.742017,8644.10885741736,117.056,-5.30824,155,14.0756,2021-06-20T22:42:47.551+00:00,2021-06-20T21:55:03.03+00:00,2763.86,14.0756453225733,0,user,10613,9613,331652,283583,2218687,10574
267,119738205,255490362,0 days 00:00:29.738833,5330.48386957906,71.3936,-2.98831,153,12.3001,2021-06-21T23:58:55.093+00:00,2021-06-21T23:29:10.763+00:00,1681.24,11.9058876821185,0,user,9652,9613,212447,340304,1212201,0
268,119738205,255462489,0 days 00:01:08.555800,,,,90,4.8017,2021-06-21T22:45:10.825+00:00,2021-06-21T21:36:37.477+00:00,618.209,4.8016681203561,48,user,2859917,892087,210526,150924,0,0
269,120098222,256087463,0 days 00:00:27.754650,5437.62113268385,69.8967,-5.35656,157,12.3553,2021-06-23T01:04:27.401+00:00,2021-06-23T00:36:42.122+00:00,1709.62,12.3553075235497,0,user,0,3883,83634,351836,1226623,0
270,120374415,256663924,0 days 00:00:07.243083,1689.11978133794,50.7791,-49.1662,143,12.0853,2021-06-24T01:15:24.313+00:00,2021-06-24T01:08:09.728+00:00,337.489,5.37304371453196,0,user,2922,8652,23073,325879,74021,0
271,120374415,256636490,0 days 00:00:31.691783,5842.24903033368,30.2426,63.899,146,11.354,2021-06-23T23:53:51.211+00:00,2021-06-23T23:22:09.704+00:00,1578.33,11.3540364417807,0,user,15420,137466,318192,418166,1012252,0
272,120617083,257186138,0 days 00:00:06.565350,1588.65857735214,46.7933,-41.6648,163,12.713,2021-06-24T23:24:17.806+00:00,2021-06-24T23:17:43.885+00:00,426.408,6.88560165906492,0,user,0,0,21188,9613,293199,70174
273,120617083,257178529,0 days 00:00:20.118000,3935.92431562008,35.7848,54.9376,160,11.3075,2021-06-24T23:01:08.479+00:00,2021-06-24T22:41:01.399+00:00,1248.59,10.8056808745197,0,user,0,1961,31724,163422,1010328,0
274,120617083,256997004,0 days 00:01:59,,,,92,4.7972,2021-06-24T13:59:00+00:00,2021-06-24T12:00:00+00:00,897.712,4.79721586148728,48,user,3846215,2974265,319155,0,0,0
275,120926260,257732810,0 days 00:01:16.717800,10576.4574423206,153.255,-19.5163,132,13.5111,2021-06-25T23:23:26.204+00:00,2021-06-25T22:06:43.136+00:00,2955.59,13.5110716122732,0,user,527793,474883,1291030,640229,1658248,10574
276,121205199,258218471,0 days 00:00:26.245767,5148.97358395187,71.217,2.32463,156,11.0927,2021-06-26T19:51:50.4+00:00,2021-06-26T19:25:35.654+00:00,1508.52,11.0927203829425,0,user,0,7729,49988,280701,1237197,0
277,121867096,259361176,0 days 00:00:53.461050,9182.5664394609,106.454,-45.3616,152,15.4542,2021-06-29T01:31:20.893+00:00,2021-06-29T00:37:53.23+00:00,2967.99,14.2873349535693,0,user,0,14458,453733,699832,2011044,27878
278,121867096,259303625,0 days 00:00:53.921833,,,,112,8.416,2021-06-28T22:43:23.212+00:00,2021-06-28T21:49:27.902+00:00,1206.43,8.41595180238242,48,user,1038205,934428,408554,409516,431622,13459
279,122117539,259961057,0 days 00:02:20.802000,,,,74,4.1486,2021-06-30T03:44:20.116+00:00,2021-06-30T01:23:31.996+00:00,915.49,4.14863925076688,48,user,7816396,509489,122086,0,0,0
280,122117539,259873672,0 days 00:00:54.585400,9404.46964360766,109.74,69.6641,149,13.9814,2021-06-29T22:46:39.905+00:00,2021-06-29T21:52:04.781+00:00,2913.57,13.9813502602389,0,user,0,22149,706557,522946,2023546,0
281,122255402,260464838,0 days 00:01:26.751833,14867.8678241869,233.49,2.74384,148,16.1348,2021-06-30T23:56:58.74+00:00,2021-06-30T22:30:13.63+00:00,4613.91,16.1347827427889,0,user,10613,43260,929579,1200669,3009837,10574
282,122756146,260973809,0 days 00:00:37.139500,7339.57340672153,96.4378,-0.320248,154,13.5014,2021-07-01T21:33:59.781+00:00,2021-07-01T20:56:51.411+00:00,2153.19,12.9078419303205,0,user,9652,8651,137465,445083,1627490,0
283,122756146,260866305,0 days 00:01:23.726750,,,,100,5.9493,2021-07-01T15:40:39.619+00:00,2021-07-01T14:16:56.014+00:00,986.837,5.94934839309161,48,user,1388164,2886793,686369,61523,0,0
284,123078975,262580652,0 days 00:04:00,,,,92,5.063,2021-07-02T19:10:00+00:00,2021-07-02T15:10:00+00:00,1668.54,5.06298229528241,22,user,7896188,6080224,422973,0,0,0
285,123384979,262056077,0 days 00:00:56.419300,10384.6690950364,160.752,-22.8676,150,14.2669,2021-07-03T20:59:39.634+00:00,2021-07-03T20:03:14.476+00:00,3054.12,14.2669323660643,0,user,15419,11535,675795,350882,2332116,0
286,123629351,262599244,0 days 00:01:21.652350,15341.7079554836,148.068,-1.71218,152,15.9363,2021-07-04T23:40:23.427+00:00,2021-07-04T22:18:44.286+00:00,4429.99,15.936347080137,0,user,15420,11536,546980,1024745,3277085,22111
287,124256420,263684426,0 days 00:00:44.938083,8242.2207643789,82.4047,-1.51303,152,13.7026,2021-07-07T00:29:25.116+00:00,2021-07-06T23:44:28.831+00:00,2526.26,13.6096387045702,0,user,0,0,445121,382597,1868776,0
288,124256420,263513875,0 days 00:00:19.324450,1854.99356542457,21.3998,8.33665,99,4.2695,2021-07-06T15:27:47.415+00:00,2021-07-06T15:08:27.948+00:00,158.907,4.26952265515841,63,user,126893,1032477,0,0,0,0
289,124488917,264213511,0 days 00:00:43.349050,9351.61716138615,97.2169,0.783704,154,14.6017,2021-07-07T23:19:21.946+00:00,2021-07-07T22:36:01.003+00:00,2527.71,13.5120956214086,0,user,0,10613,76904,656574,1831278,25954
290,124488917,264189881,0 days 00:01:22.684483,,,,96,7.8016,2021-07-07T22:07:49.397+00:00,2021-07-07T20:45:08.328+00:00,950.448,5.71664228673486,99,user,2212958,2076415,671949,0,0,0
291,124488917,264139884,0 days 00:01:15.155933,,,,102,6.205,2021-07-07T19:07:49.243+00:00,2021-07-07T17:52:39.887+00:00,1049.66,6.20498505150002,48,user,1569808,2132207,679643,127852,0,0
292,125096464,265276785,0 days 00:01:25.529517,,,,123,10.1479,2021-07-09T22:57:28.848+00:00,2021-07-09T21:31:57.077+00:00,2271.2,10.1478907213082,34,user,825759,1019019,824799,2237913,223983,0
293,125353085,265780322,0 days 00:00:29.540100,6159.51162519648,72.3422,32.5289,159,15.2859,2021-07-10T20:46:35.972+00:00,2021-07-10T20:17:03.566+00:00,1801.78,12.5153561808487,0,user,17342,8652,26917,159577,1519818,40375
294,125353085,265721411,0 days 00:01:31.194450,,,,114,11.8774,2021-07-10T17:42:40.398+00:00,2021-07-10T16:11:28.731+00:00,1759.07,8.44751512759349,48,user,465271,2417713,1673640,852675,62485,0
295,125353085,265651855,0 days 00:01:00,,,,118,8.7444,2021-07-10T15:00:00+00:00,2021-07-10T14:00:00+00:00,1631.52,8.74444115479913,34,user,817146,512375,747893,1438108,84596,0
296,125720474,266322407,0 days 00:00:24.576283,5001.63751537575,63.1127,-50.8829,159,15.8047,2021-07-11T23:53:08.805+00:00,2021-07-11T23:28:34.228+00:00,1510.9,11.6681329841017,0,user,0,0,37530,242249,1129529,64408
297,125720474,266313489,0 days 00:00:19.292583,3686.70592748092,10.0293,63.7526,155,13.4,2021-07-11T23:14:39.165+00:00,2021-07-11T22:55:21.61+00:00,1115.07,9.83737086840537,0,user,11574,9613,47104,271087,818069,0
298,125720474,266291149,0 days 00:01:10,,,,126,10.4477,2021-07-11T21:00:00+00:00,2021-07-11T19:50:00+00:00,2183.18,10.4477493409977,34,user,129816,906507,1355457,1545773,262437,0
299,125826662,266876795,0 days 00:00:23.611717,5101.86460618052,80.3973,-12.2045,164,13.9253,2021-07-13T01:09:52.801+00:00,2021-07-13T00:46:16.098+00:00,1580.0,12.5514205695403,0,user,8690,9613,11536,25957,1323712,37491
300,125826662,266867335,0 days 00:01:18.370333,,,,86,8.2027,2021-07-13T00:38:36.094+00:00,2021-07-12T23:20:13.874+00:00,496.393,4.02966314312849,28,user,4119221,583512,0,0,0,0
301,125826662,266827305,0 days 00:01:24.336100,,,,112,8.1187,2021-07-12T22:41:33.916+00:00,2021-07-12T21:17:13.75+00:00,1664.74,8.11874938966813,48,user,347992,2449438,1794752,468155,0,0
302,126135560,267363939,0 days 00:01:36.114267,,,,121,10.9099,2021-07-13T20:47:52.338+00:00,2021-07-13T19:11:45.482+00:00,2139.77,8.92855864426746,34,auto,1000,1135296,4067275,563324,0,0
303,126135560,267225857,0 days 00:00:55,,,,116,6.7305,2021-07-13T13:35:00+00:00,2021-07-13T12:40:00+00:00,1130.06,6.73053202043043,34,user,566245,605621,1616911,511414,0,0
304,126632611,267951254,0 days 00:00:54.202367,10368.2794285578,140.623,44.2725,151,14.7208,2021-07-14T23:10:59.031+00:00,2021-07-14T22:16:46.889+00:00,2815.08,13.6253733771031,0,user,10613,8652,427780,776735,1924525,103821
305,126632611,267914969,0 days 00:01:11.041600,86.3880543840648,2.28591,6.13333,81,7.8658,2021-07-14T21:16:06.516+00:00,2021-07-14T20:05:04.02+00:00,436.995,0.0,28,user,4166327,96129,0,0,0,0
306,126632611,267884350,0 days 00:01:20.974250,,,,119,7.8658,2021-07-14T18:52:44.669+00:00,2021-07-14T17:31:46.214+00:00,1692.77,7.86583530917403,34,auto,4806,911338,3677992,264358,0,0
307,126735001,268255486,0 days 00:01:20.481250,,,,101,6.778,2021-07-15T12:31:28.135+00:00,2021-07-15T11:10:59.26+00:00,1174.24,6.77795287346744,48,user,1511204,2186964,778656,347993,3845,0
308,127074227,269015749,0 days 00:00:07.700933,1788.92433420428,59.9018,-55.6099,145,11.0306,2021-07-16T22:12:36.381+00:00,2021-07-16T22:04:54.325+00:00,381.247,5.93475441577676,0,user,31761,17304,13458,101898,298004,0
309,127074227,269005447,0 days 00:00:24.575417,5034.19764760065,34.3617,50.3324,149,9.714,2021-07-16T21:40:05.041+00:00,2021-07-16T21:15:30.516+00:00,1267.51,9.71395751747052,0,user,7730,17302,118241,549864,781541,0
310,127671496,269915917,0 days 00:00:08.444300,1718.3140745319,57.6713,-56.7544,137,7.8553,2021-07-18T15:30:49.809+00:00,2021-07-18T15:22:23.151+00:00,346.209,5.31531610770015,0,user,8690,39413,61523,397018,0,0
311,127671496,269908429,0 days 00:00:20.522000,2121.68321580947,25.2074,0.150881,99,6.6462,2021-07-18T15:16:31.567+00:00,2021-07-18T14:56:00.247+00:00,150.346,4.17277989286893,63,user,124968,1106500,0,0,0,0
312,127671496,269895846,0 days 00:00:12.241133,1794.64503717367,4.07849,52.5207,134,6.4253,2021-07-18T14:54:37.561+00:00,2021-07-18T14:42:23.093+00:00,482.647,6.42534790438496,0,user,70214,151885,48065,124970,339340,0
313,128071207,270580145,0 days 00:00:58,147.40413792387,0,0.0357114,98,11.0399,2021-07-19T22:14:00+00:00,2021-07-19T21:16:00+00:00,560.393,4.91308679513325,48,user,1121878,1892809,465268,0,0,0
314,128071207,270480444,0 days 00:00:27.114667,5182.75105381043,109.25,-42.1962,147,10.4388,2021-07-19T16:42:50.327+00:00,2021-07-19T16:15:43.447+00:00,1365.87,10.4388315014516,0,user,15420,8651,368179,293197,941116,0
315,128369840,271187069,0 days 00:00:38.650800,8216.82336701467,97.7372,25.1956,159,14.7933,2021-07-21T00:02:56.746+00:00,2021-07-20T23:24:17.698+00:00,2389.85,13.7964364391076,0,user,14458,8651,44220,340302,1822629,88441
316,128369840,271071385,0 days 00:00:59,,,,118,7.5899,2021-07-20T17:25:00+00:00,2021-07-20T16:26:00+00:00,1428.36,7.58992042654695,34,user,252861,737318,2166766,383572,0,0
317,128669201,271635814,0 days 00:00:27.466917,5315.51689754083,76.7577,49.4009,149,10.3494,2021-07-21T17:57:40.925+00:00,2021-07-21T17:30:12.91+00:00,1431.27,10.3493752261877,0,user,0,24071,122084,706558,794999,0
318,128979033,272260712,0 days 00:01:30,,,,103,7.177,2021-07-22T22:30:00+00:00,2021-07-22T21:00:00+00:00,1379.85,7.17700029013736,48,user,1998546,1808254,1178556,370101,45181,0
319,129209867,272865708,0 days 00:00:37.173683,8187.85511917938,104.663,-20.6061,163,14.3782,2021-07-24T00:55:26.147+00:00,2021-07-24T00:18:15.726+00:00,2421.3,14.3782113015612,0,user,14459,18265,100937,136505,1736112,223984
320,129585656,273450060,0 days 00:00:47.675017,5634.45911850851,84.5978,-0.830864,131,10.9315,2021-07-25T00:48:00.795+00:00,2021-07-25T00:00:20.294+00:00,1616.36,10.9315030464971,0,user,104821,1043013,327804,269166,1113188,2884
321,130130379,274596060,0 days 00:01:43,,,,100,6.8016,2021-07-26T22:58:00+00:00,2021-07-26T21:15:00+00:00,1409.87,6.80160450110598,48,user,2199500,2535920,1379465,64408,0,0
322,130378259,275285354,0 days 00:01:25.378900,,,,129,17.5297,2021-07-27T23:44:17.813+00:00,2021-07-27T22:18:55.079+00:00,3063.72,11.9897817832612,34,user,91362,531601,2260018,2200428,39413,0
323,130378259,275093128,0 days 00:00:33.692350,7412.55248189352,81.7338,39.9494,162,15.7095,2021-07-27T15:44:11.96+00:00,2021-07-27T15:10:30.419+00:00,2215.56,13.8939315006625,0,user,7729,12497,37490,174957,1762069,25955
324,130378259,274961962,0 days 00:01:12,,,,126,10.3598,2021-07-27T12:32:00+00:00,2021-07-27T11:20:00+00:00,2398.11,10.3597823049946,34,user,295158,217254,2388836,1418886,0,0
325,130694690,275909035,0 days 00:00:32.190383,7164.3343147295,72.2393,4.71969,160,14.1927,2021-07-28T21:41:08.483+00:00,2021-07-28T21:08:57.06+00:00,2042.21,13.1390071011117,0,user,0,0,5806,280700,1644790,0
326,130694690,275833690,0 days 00:01:20,,,,106,7.5486,2021-07-28T17:20:00+00:00,2021-07-28T16:00:00+00:00,1549.07,7.54864177247168,34,user,1431418,1039170,2052381,276856,0,0
327,131081926,276670903,0 days 00:00:28.490167,6145.05571875246,82.8602,0.641276,161,13.6733,2021-07-30T01:06:57.592+00:00,2021-07-30T00:38:28.182+00:00,1852.15,13.1050421321456,0,user,16381,9613,9613,210524,1331406,131698
328,131081926,276615124,0 days 00:01:16.130533,,,,99,5.9092,2021-07-29T22:44:08.38+00:00,2021-07-29T21:28:00.548+00:00,970.364,5.90916981373353,48,user,1591954,2088914,774809,112472,0,0
329,131895268,278734918,0 days 00:00:28.196550,6104.95854164459,67.1502,7.84209,158,12.3086,2021-08-02T00:36:29.547+00:00,2021-08-02T00:08:17.754+00:00,1697.36,12.0294956712797,0,user,12535,8652,9613,274932,1366975,19224
330,131895268,278650529,0 days 00:04:35,,,,86,4.5615,2021-08-01T21:05:00+00:00,2021-08-01T16:30:00+00:00,1789.59,4.56153012894638,22,user,11480792,4703686,315307,0,0,0
331,132237188,279490184,0 days 00:00:58.196800,83.7765235554273,2.15192,-3.85231,94,16.9984,2021-08-03T00:41:57.693+00:00,2021-08-02T23:43:45.885+00:00,418.662,4.27971979104005,28,user,1938023,1511168,43260,0,0,0
332,132237188,279389637,0 days 00:01:14.179600,15310.826344859,235.464,6.52453,157,16.9415,2021-08-02T21:33:55.3+00:00,2021-08-02T20:19:44.524+00:00,4360.58,16.2613170146504,0,user,9651,10575,125930,1207397,3075209,22109
333,132237188,279263666,0 days 00:01:35.846317,,,,108,7.5357,2021-08-02T17:09:54.112+00:00,2021-08-02T15:34:03.333+00:00,1464.47,7.53572950748482,48,user,1002638,2821461,1123765,762313,40374,0
334,132645539,280301948,0 days 00:00:10.278017,,,,132,12.6345,2021-08-04T00:30:06.07+00:00,2021-08-04T00:19:49.389+00:00,369.773,5.12543641531935,22,user,0,0,257628,358606,0,0
335,132645539,280227122,0 days 00:00:36.472583,7265.46342670004,89.3442,6.04706,151,12.145,2021-08-03T22:19:38.283+00:00,2021-08-03T21:43:09.928+00:00,1950.79,12.1449773678006,0,user,10613,13457,170151,697909,1295834,0
336,132999781,281069412,0 days 00:01:10.024267,,,,117,8.7765,2021-08-04T22:48:43.988+00:00,2021-08-04T21:38:42.532+00:00,1817.62,8.68532248765476,48,user,230753,1171825,2084220,713288,0,0
337,132999781,280963268,0 days 00:00:27.665883,,,,84,4.0444,2021-08-04T19:23:43.596+00:00,2021-08-04T18:56:03.643+00:00,194.411,4.04437683673946,44,user,1391966,268244,0,0,0,0
338,133339915,281952221,0 days 00:00:29.215867,6187.1738441044,76.5763,3.3376,158,15.5924,2021-08-06T00:51:43.106+00:00,2021-08-06T00:22:30.154+00:00,1792.01,12.5394359192826,0,user,9652,9613,44220,220136,1453608,15380
339,133339915,281906765,0 days 00:01:02.585333,,,,140,12.464,2021-08-05T23:22:59.007+00:00,2021-08-05T22:20:23.887+00:00,2788.69,12.4640467438098,34,user,0,133660,603695,2594561,422972,0
340,133570074,282767794,0 days 00:00:06.816667,13730.7756516087,43.2534,-44.6654,153,12.728,2021-08-07T01:03:36.511+00:00,2021-08-07T00:56:47.511+00:00,386.723,6.27301658364004,0,user,8690,9613,11536,74019,304735,0
341,133570074,282762608,0 days 00:00:28,,,,113,11.6905,2021-08-07T00:51:00+00:00,2021-08-07T00:23:00+00:00,563.643,5.4244520558941,48,user,83634,747892,667144,181726,0,0
342,133570074,282749771,0 days 00:00:27.966100,5580.44320556425,44.3312,57.6386,150,10.8528,2021-08-07T00:22:23.23+00:00,2021-08-06T23:54:25.264+00:00,1510.11,10.8528483624273,0,user,16381,15381,112472,620999,890170,23071
343,133993635,283545268,0 days 00:04:54.518250,32756.6303917905,77.544,-7.09528,88,6.5382,2021-08-07T23:14:29.119+00:00,2021-08-07T18:19:58.024+00:00,2049.68,5.24351277968204,22,user,11940518,5251450,478727,0,0,0
344,133993635,283339905,0 days 00:01:05.023067,469.543740421631,2.06942,-4.96651,103,5.3001,2021-08-07T17:04:51.249+00:00,2021-08-07T15:59:49.865+00:00,628.263,5.30006520577648,63,user,163418,3528985,209564,0,0,0
345,134470594,285167833,0 days 00:01:24,,,,102,7.081,2021-08-09T22:44:00+00:00,2021-08-09T21:20:00+00:00,1176.27,7.08095818060844,48,user,1736151,2331638,571016,223984,176880,0
346,134942304,286085207,0 days 00:00:06.481900,658.534280747706,7.66555,-7.05824,124,10.7682,2021-08-10T22:39:09.481+00:00,2021-08-10T22:32:40.567+00:00,198.429,4.49428588705342,63,user,0,0,338379,48064,1962,0
347,134942304,286080722,0 days 00:00:25.950067,5165.52494596651,69.2331,4.69107,149,10.4164,2021-08-10T22:32:27.254+00:00,2021-08-10T22:06:30.25+00:00,1391.73,10.4163510617571,0,user,13497,10574,101899,582548,848832,0
348,135160065,286907725,0 days 00:01:31.976833,,,,116,11.228,2021-08-11T19:49:32.439+00:00,2021-08-11T18:17:33.829+00:00,2361.3,11.2279666218039,48,user,1265114,1623642,787306,1373701,468155,0
349,136845988,291031526,0 days 00:00:37.364633,8082.87454778421,85.0604,1.52304,165,15.3111,2021-08-17T00:36:51.871+00:00,2021-08-16T23:59:29.993+00:00,2511.11,14.6396843717707,0,user,0,7729,26917,228790,1321797,656564
350,136845988,290990964,0 days 00:00:17.168700,,,,127,6.6788,2021-08-16T23:16:22.135+00:00,2021-08-16T22:59:12.013+00:00,537.304,5.83315189674707,18,user,0,242248,319193,374907,94208,0
351,136845988,290981135,0 days 00:01:11.312500,,,,97,4.8493,2021-08-16T22:58:39.169+00:00,2021-08-16T21:47:20.419+00:00,642.624,4.84930469243042,48,user,1590035,2282130,401826,4806,0,0
352,137308130,291683916,0 days 00:00:29.876467,6173.36327809888,76.9772,10.5215,156,12.9079,2021-08-17T22:52:46.628+00:00,2021-08-17T22:22:54.04+00:00,1844.33,12.9079041900295,0,user,13497,8652,130737,279738,1359283,0
353,137616817,292276080,0 days 00:00:30.946650,5491.05396545242,41.337,51.5196,152,16.7315,2021-08-18T23:51:50.077+00:00,2021-08-18T23:20:53.278+00:00,1762.51,12.5639515182936,0,user,9651,8652,410477,244172,1141063,42299
354,137616817,292155067,0 days 00:00:36.028917,7298.17776750074,92.475,7.75964,160,14.1762,2021-08-18T17:27:06.093+00:00,2021-08-18T16:51:04.358+00:00,2338.87,14.176191230941,0,user,0,5807,176880,208603,1770719,0
355,137936899,292837547,0 days 00:00:42.545900,8195.43598374909,84.6888,5.1723,153,15.046,2021-08-20T00:25:21.428+00:00,2021-08-19T23:42:48.674+00:00,2482.32,13.6732281294547,0,user,7729,10574,264358,528717,1741881,0
356,137936899,292752618,0 days 00:01:08.006567,,,,112,8.8188,2021-08-19T19:38:34.769+00:00,2021-08-19T18:30:34.375+00:00,1534.93,8.81881477576069,48,user,504685,2093759,577739,716170,187455,0
357,139335931,294962851,0 days 00:01:16.967183,,,,97,6.2404,2021-08-23T22:41:31.686+00:00,2021-08-23T21:24:33.655+00:00,1015.63,6.24044578169749,48,user,2047614,1691893,601775,189377,87479,0
358,139585031,295575458,0 days 00:00:35.859517,7236.21541224277,78.0401,6.69169,157,13.4329,2021-08-24T23:52:18.778+00:00,2021-08-24T23:16:27.207+00:00,2168.61,13.4328648615578,0,user,8690,11536,161499,354721,1499633,115355
359,139973302,296171160,0 days 00:00:10.523067,2043.46644904241,58.4669,-53.2415,156,14.1456,2021-08-26T00:57:03.819+00:00,2021-08-26T00:46:32.435+00:00,610.379,7.90641054563021,0,user,0,0,135582,114395,120169,260507
360,139973302,296167997,0 days 00:00:19.012117,,,,120,12.9612,2021-08-26T00:46:10.656+00:00,2021-08-26T00:27:09.929+00:00,434.982,5.12529114239139,48,user,0,347993,625845,167267,0,0
361,139973302,296161293,0 days 00:00:32.127367,5896.173726385,26.3335,51.9401,152,12.5506,2021-08-26T00:23:55.211+00:00,2021-08-25T23:51:47.569+00:00,1747.61,12.1062269626907,0,user,11574,8652,278777,564284,750778,313385
362,139973302,296058849,0 days 00:00:23.223133,,,,115,4.991,2021-08-25T18:54:30.844+00:00,2021-08-25T18:31:17.456+00:00,430.812,4.99101008885492,34,user,0,476844,917085,0,0,0
363,140317044,296710409,0 days 00:00:46.557567,3173.00328628723,43.787,-7.09553,108,13.6163,2021-08-26T23:59:24.04+00:00,2021-08-26T23:12:50.586+00:00,568.149,5.18431907576379,63,user,53832,1890930,848822,0,0,0
364,140317044,296672092,0 days 00:00:34.015050,5708.28935744181,91.905,0.0833177,152,13.2633,2021-08-26T21:56:51.428+00:00,2021-08-26T21:22:50.525+00:00,1806.37,12.2188214940157,0,user,0,14459,259550,692257,806528,258594
365,140317044,296564378,0 days 00:00:55.064167,,,,116,6.8519,2021-08-26T15:40:51.542+00:00,2021-08-26T14:45:47.692+00:00,1076.2,6.8518753415121,48,user,199951,1376627,1095885,558516,73059,0
366,141372975,298295831,0 days 00:01:08.676533,12291.6175973592,146.336,6.91899,147,14.6548,2021-08-29T22:11:08.765+00:00,2021-08-29T21:02:28.173+00:00,3492.19,14.6548096547064,0,user,0,80788,921891,888240,2230226,0
367,141589539,298881892,0 days 00:00:46.364167,9987.68491245443,194.404,8.45905,167,0.0,2021-08-31T00:34:15.279+00:00,2021-08-30T23:47:53.429+00:00,3226.54,16.0727572130036,0,user,5806,9614,9613,124006,2065842,567168
368,141589539,298842004,0 days 00:01:17.092400,,,,93,0.0,2021-08-30T22:43:18.785+00:00,2021-08-30T21:26:13.241+00:00,832.404,5.31045785828894,48,user,2832037,1034359,629655,128815,0,0
369,142044869,299336330,0 days 00:00:57.449183,10243.437577797,226.421,4.71994,147,0.0,2021-08-31T18:13:05.16+00:00,2021-08-31T17:15:38.209+00:00,3023.01,14.2442273599262,0,user,12535,225906,443160,975723,1789947,0
370,142387096,299970156,0 days 00:00:25.484383,5001.22652643874,122.708,3.18683,153,0.0,2021-09-01T22:09:11.768+00:00,2021-09-01T21:43:42.705+00:00,1474.33,11.1552616626395,0,user,14459,9613,56717,393172,1049743,5768
371,142614460,300358319,0 days 00:01:10,,,,105,0.0,2021-09-02T14:00:00+00:00,2021-09-02T12:50:00+00:00,1144.0,6.93030607815517,48,user,1211242,1575613,1054549,227828,128815,1923
372,143037640,301077444,0 days 00:01:08.474300,13007.9053433454,252.197,15.2882,155,0.0,2021-09-03T22:04:06.612+00:00,2021-09-03T20:55:38.154+00:00,3982.17,16.13946064319,0,user,0,99052,422012,801728,2562834,223022
373,143334221,301645681,0 days 00:01:57.150783,,,,146,0.0,2021-09-04T22:59:00.965+00:00,2021-09-04T21:01:51.918+00:00,5865.55,16.9794133313431,-1,auto,76904,398941,621003,2593636,3279000,59602
374,143334221,301575371,0 days 00:01:00,,,,108,0.0,2021-09-04T17:30:00+00:00,2021-09-04T16:30:00+00:00,1241.74,7.21065463020924,34,user,1314141,596968,999757,689252,0,0
375,144020609,302705696,0 days 00:00:26.317917,5007.10245418649,106.634,-2.12163,143,0.0,2021-09-07T00:09:44.876+00:00,2021-09-06T23:43:25.801+00:00,1243.34,9.05109499396918,0,user,5807,9613,317229,737320,508529,0
376,144264870,303224839,0 days 00:00:36.112250,7122.87137341796,126.144,8.02794,153,0.0,2021-09-07T22:37:40.938+00:00,2021-09-07T22:01:34.203+00:00,2082.8,12.8860040224577,0,user,11575,9613,201873,416234,1527520,0
377,144264870,303121618,0 days 00:01:15.978050,,,,95,0.0,2021-09-07T16:58:41.819+00:00,2021-09-07T15:42:43.136+00:00,739.718,5.15198791669379,48,user,2092795,2095637,370104,0,0,0
378,144659491,303800720,0 days 00:00:34.159733,6852.31159304841,101.886,-50.8847,154,0.0,2021-09-08T22:40:03.338+00:00,2021-09-08T22:05:53.754+00:00,1935.6,12.4897107410075,0,user,0,3884,170152,604658,1112228,158615
379,144659491,303787273,0 days 00:00:16.432850,1648.87824304036,91.6636,53.8661,130,0.0,2021-09-08T22:00:25.488+00:00,2021-09-08T21:43:59.517+00:00,575.858,6.78038893898315,0,user,11575,397979,67291,172073,337418,0
380,144940439,304266996,0 days 00:00:35.426600,7002.9167483601,158.321,-4.12289,148,0.0,2021-09-09T17:14:20.118+00:00,2021-09-09T16:38:54.522+00:00,1819.12,11.4766641708123,0,user,19265,8651,216295,789341,1071856,7690
381,145421879,304939535,0 days 00:00:11.191717,895.361606300944,49.4288,16.2976,117,0.0,2021-09-11T00:32:35.572+00:00,2021-09-11T00:21:24.069+00:00,270.503,4.66258336540016,63,user,45181,127852,448928,49066,0,0
382,145421879,304888339,0 days 00:00:43.091067,8306.40698397304,188.62,9.94058,154,0.0,2021-09-10T21:43:23.72+00:00,2021-09-10T21:00:18.256+00:00,2473.06,13.6961039194811,0,user,11574,12497,281662,433549,1661118,185543
383,145421879,304862626,0 days 00:00:44,,,,98,0.0,2021-09-10T20:13:00+00:00,2021-09-10T19:29:00+00:00,540.608,4.99481164595795,99,user,973800,1083428,582547,0,0,0
384,145421879,304814965,0 days 00:01:38.844300,,,,90,0.0,2021-09-10T17:17:26.163+00:00,2021-09-10T15:38:35.505+00:00,754.864,4.6323383793085,48,user,4012517,1565000,319153,33645,0,0
385,145968984,305921824,0 days 00:01:00.274950,10464.2320736976,197.562,-0.051967,145,0.0,2021-09-12T19:32:22.91+00:00,2021-09-12T18:32:06.413+00:00,2780.66,13.1613551238799,0,user,11574,156693,567170,1255460,1614028,11535
386,146355332,306508244,0 days 00:01:23.592050,,,,99,0.0,2021-09-13T22:41:25.538+00:00,2021-09-13T21:17:50.015+00:00,761.131,5.09009403937094,48,user,1751530,2636853,421054,160538,45180,0
387,146631493,307092814,0 days 00:00:06.788083,654.966587499792,14.4757,-32.7901,129,0.0,2021-09-14T23:13:43.62+00:00,2021-09-14T23:06:56.335+00:00,241.126,4.68535128689541,63,user,0,0,286470,121161,0,0
388,146631493,307090061,0 days 00:00:48.059400,10012.6283445505,226.667,31.77,164,0.0,2021-09-14T23:06:11.839+00:00,2021-09-14T22:18:08.275+00:00,3203.3,15.6334121274947,0,user,0,10613,14420,229751,2456128,172074
389,147121340,307583390,0 days 00:00:50.472733,10026.609003912,219.871,31.9835,161,0.0,2021-09-15T19:07:33.751+00:00,2021-09-15T18:17:05.387+00:00,3285.83,16.0426651892274,0,user,11574,13459,251862,266282,1366020,1119907
390,147841432,308736254,0 days 00:00:52.952783,10007.7377511129,179.556,16.2668,154,0.0,2021-09-17T22:24:51.908+00:00,2021-09-17T21:31:54.741+00:00,3102.86,14.8399519635702,0,user,14458,15382,250899,805576,1984121,106709
391,147841432,308662362,0 days 00:01:45.534067,,,,98,0.0,2021-09-17T17:59:12.016+00:00,2021-09-17T16:13:39.972+00:00,1197.27,6.30242087675789,48,user,2842611,2732985,513335,243209,0,0
392,148672880,310309677,0 days 00:01:01.523767,,,,109,0.0,2021-09-20T22:21:33.961+00:00,2021-09-20T21:20:02.535+00:00,1062.49,7.50734950499048,48,user,934424,1686126,435470,239364,396057,0
393,148672880,310280193,0 days 00:00:24.064417,5021.58613315445,114.174,3.67139,151,0.0,2021-09-20T20:49:35.78+00:00,2021-09-20T20:25:31.915+00:00,1303.45,9.94716770243498,0,user,17342,8652,9613,604658,803651,0
394,149023044,310918966,0 days 00:00:58.822817,10418.034004469,240.17,7.43356,150,0.0,2021-09-22T00:25:29.183+00:00,2021-09-21T23:26:39.814+00:00,3121.57,14.0803127916685,0,user,7729,27878,340302,1359279,1758225,35568
395,149023044,310796916,0 days 00:00:52.449983,10048.8521700835,170.303,15.449,151,0.0,2021-09-21T17:51:25.644+00:00,2021-09-21T16:58:58.645+00:00,2845.93,14.1570608563954,0,user,16381,116315,368182,647918,1903380,95169
396,149371792,311439251,0 days 00:00:06.674083,1517.88818913204,17.3328,-48.4515,149,0.0,2021-09-22T22:39:53.606+00:00,2021-09-22T22:33:13.161+00:00,356.083,5.75549292440249,0,user,1000,9613,9613,159577,220138,0
397,149371792,311429559,0 days 00:00:17.840200,3481.54767790719,117.381,53.0348,156,0.0,2021-09-22T22:09:29.987+00:00,2021-09-22T21:51:39.575+00:00,1074.88,10.0490396648031,0,user,14458,9613,9613,220139,776732,39414
398,149790878,311806546,0 days 00:01:02.750333,,,,108,0.0,2021-09-23T13:38:05.185+00:00,2021-09-23T12:35:20.165+00:00,884.657,5.8192016646851,48,user,523950,1778408,1347745,114397,0,0
